2025-01-17 20:45:37,111 [Worker-7: Loading available Gradle versions] INFO  o.e.b.c.i.u.g.PublishedGradleVersions - Gradle version information cache is up-to-date. Trying to read.
2025-01-17 20:50:02,607 [Worker-4: Loading available Gradle versions] INFO  o.e.b.c.i.u.g.PublishedGradleVersions - Gradle version information cache is up-to-date. Trying to read.
2025-01-18 11:11:41,730 [Worker-7: Loading available Gradle versions] INFO  o.e.b.c.i.u.g.PublishedGradleVersions - Gradle version information cache is out-of-date. Trying to update.
2025-01-18 13:31:55,266 [Worker-5: Loading available Gradle versions] INFO  o.e.b.c.i.u.g.PublishedGradleVersions - Gradle version information cache is up-to-date. Trying to read.
2025-01-18 13:32:48,185 [Worker-20: Building] INFO  o.e.m.c.i.l.LifecycleMappingFactory - Using org.eclipse.m2e.jdt.JarLifecycleMapping lifecycle mapping for MavenProject: com.example:accessing-data-rest-complete:0.0.1-SNAPSHOT @ D:\Springboot\gs-accessing-data-rest\complete\pom.xml.
2025-01-18 13:32:50,279 [Worker-20: Building] INFO  o.a.m.s.f.DefaultMavenResourcesFiltering - Copying 1 resource from src\main\resources to target\classes
2025-01-18 13:32:50,297 [Worker-20: Building] INFO  o.a.m.s.f.DefaultMavenResourcesFiltering - Copying 0 resource from src\main\resources to target\classes
2025-01-18 13:32:50,302 [Worker-20: Building] INFO  o.a.m.s.f.DefaultMavenResourcesFiltering - skip non existing resourceDirectory D:\Springboot\gs-accessing-data-rest\complete\src\test\resources
2025-01-18 13:32:51,316 [Worker-0: Updating Maven Dependencies] INFO  o.e.m.c.i.l.LifecycleMappingFactory - Using org.eclipse.m2e.jdt.JarLifecycleMapping lifecycle mapping for MavenProject: com.example:accessing-data-rest-complete:0.0.1-SNAPSHOT @ D:\Springboot\gs-accessing-data-rest\complete\pom.xml.
2025-01-18 13:33:13,315 [Worker-12: Building] INFO  o.a.m.s.f.DefaultMavenResourcesFiltering - Copying 0 resource from src\main\resources to target\classes
2025-01-18 13:33:13,316 [Worker-12: Building] INFO  o.a.m.s.f.DefaultMavenResourcesFiltering - Copying 0 resource from src\main\resources to target\classes
2025-01-18 13:33:13,321 [Worker-12: Building] INFO  o.a.m.s.f.DefaultMavenResourcesFiltering - skip non existing resourceDirectory D:\Springboot\gs-accessing-data-rest\complete\src\test\resources
2025-01-18 13:33:27,671 [Worker-1: Updating Maven Project] INFO  o.e.m.c.i.p.ProjectConfigurationManager - Update started
2025-01-18 13:33:28,064 [Worker-1: Updating Maven Project] INFO  o.e.m.c.i.l.LifecycleMappingFactory - Using org.eclipse.m2e.jdt.JarLifecycleMapping lifecycle mapping for MavenProject: com.example:accessing-data-rest-complete:0.0.1-SNAPSHOT @ D:\Springboot\gs-accessing-data-rest\complete\pom.xml.
2025-01-18 13:33:28,827 [Worker-1: Updating Maven Project] INFO  o.e.m.j.i.AbstractJavaProjectConfigurator - Adding source folder /accessing-data-rest/src/main/java
2025-01-18 13:33:28,830 [Worker-1: Updating Maven Project] INFO  o.e.m.j.i.AbstractJavaProjectConfigurator - Adding resource folder /accessing-data-rest/src/main/resources
2025-01-18 13:33:28,831 [Worker-1: Updating Maven Project] INFO  o.e.m.j.i.AbstractJavaProjectConfigurator - Adding resource folder /accessing-data-rest/src/main/resources
2025-01-18 13:33:28,832 [Worker-1: Updating Maven Project] INFO  o.e.m.j.i.AbstractJavaProjectConfigurator - Adding source folder /accessing-data-rest/src/test/java
2025-01-18 13:33:28,834 [Worker-1: Updating Maven Project] INFO  o.e.m.j.i.AbstractJavaProjectConfigurator - Adding resource folder /accessing-data-rest/src/test/resources
2025-01-18 13:33:29,327 [Worker-1: Updating Maven Project] INFO  o.e.m.c.i.p.ProjectConfigurationManager - Update completed for 1 poms: local refresh takes 0.00 sec, refresh facades takes 1.00 sec, update config takes 0.00 sec 
2025-01-18 13:33:29,742 [Worker-8: Building] INFO  o.a.m.s.f.DefaultMavenResourcesFiltering - Copying 1 resource from src\main\resources to target\classes
2025-01-18 13:33:29,763 [Worker-8: Building] INFO  o.a.m.s.f.DefaultMavenResourcesFiltering - Copying 0 resource from src\main\resources to target\classes
2025-01-18 13:33:29,769 [Worker-8: Building] INFO  o.a.m.s.f.DefaultMavenResourcesFiltering - skip non existing resourceDirectory D:\Springboot\gs-accessing-data-rest\complete\src\test\resources
2025-01-18 13:34:19,815 [Worker-16: Launching Executing install in D__Springboot_gs-accessing-data-rest_complete] INFO  o.eclipse.m2e.core.internal.Bundles - getClasspathEntries(Bundle=org.eclipse.m2e.maven.runtime_3.9.700.20240602-2313 [644])
2025-01-18 13:34:19,818 [Worker-16: Launching Executing install in D__Springboot_gs-accessing-data-rest_complete] INFO  o.eclipse.m2e.core.internal.Bundles - 	Entry: C:\Users\wakeel kumar kushwah\.p2\pool\plugins\org.eclipse.m2e.maven.runtime_3.9.700.20240602-2313
2025-01-18 13:34:19,819 [Worker-16: Launching Executing install in D__Springboot_gs-accessing-data-rest_complete] INFO  o.eclipse.m2e.core.internal.Bundles - 	Entry: C:\Users\wakeel kumar kushwah\.p2\pool\plugins\org.eclipse.m2e.maven.runtime_3.9.700.20240602-2313\jars\aopalliance-1.0.jar
2025-01-18 13:34:19,820 [Worker-16: Launching Executing install in D__Springboot_gs-accessing-data-rest_complete] INFO  o.eclipse.m2e.core.internal.Bundles - 	Entry: C:\Users\wakeel kumar kushwah\.p2\pool\plugins\org.eclipse.m2e.maven.runtime_3.9.700.20240602-2313\jars\guice-5.1.0.jar
2025-01-18 13:34:19,820 [Worker-16: Launching Executing install in D__Springboot_gs-accessing-data-rest_complete] INFO  o.eclipse.m2e.core.internal.Bundles - 	Entry: C:\Users\wakeel kumar kushwah\.p2\pool\plugins\org.eclipse.m2e.maven.runtime_3.9.700.20240602-2313\jars\httpclient-4.5.14.jar
2025-01-18 13:34:19,820 [Worker-16: Launching Executing install in D__Springboot_gs-accessing-data-rest_complete] INFO  o.eclipse.m2e.core.internal.Bundles - 	Entry: C:\Users\wakeel kumar kushwah\.p2\pool\plugins\org.eclipse.m2e.maven.runtime_3.9.700.20240602-2313\jars\httpcore-4.4.16.jar
2025-01-18 13:34:19,820 [Worker-16: Launching Executing install in D__Springboot_gs-accessing-data-rest_complete] INFO  o.eclipse.m2e.core.internal.Bundles - 	Entry: C:\Users\wakeel kumar kushwah\.p2\pool\plugins\org.eclipse.m2e.maven.runtime_3.9.700.20240602-2313\jars\jansi-2.4.1.jar
2025-01-18 13:34:19,821 [Worker-16: Launching Executing install in D__Springboot_gs-accessing-data-rest_complete] INFO  o.eclipse.m2e.core.internal.Bundles - 	Entry: C:\Users\wakeel kumar kushwah\.p2\pool\plugins\org.eclipse.m2e.maven.runtime_3.9.700.20240602-2313\jars\jcl-over-slf4j-1.7.36.jar
2025-01-18 13:34:19,821 [Worker-16: Launching Executing install in D__Springboot_gs-accessing-data-rest_complete] INFO  o.eclipse.m2e.core.internal.Bundles - 	Entry: C:\Users\wakeel kumar kushwah\.p2\pool\plugins\org.eclipse.m2e.maven.runtime_3.9.700.20240602-2313\jars\maven-artifact-3.9.7.jar
2025-01-18 13:34:19,821 [Worker-16: Launching Executing install in D__Springboot_gs-accessing-data-rest_complete] INFO  o.eclipse.m2e.core.internal.Bundles - 	Entry: C:\Users\wakeel kumar kushwah\.p2\pool\plugins\org.eclipse.m2e.maven.runtime_3.9.700.20240602-2313\jars\maven-builder-support-3.9.7.jar
2025-01-18 13:34:19,821 [Worker-16: Launching Executing install in D__Springboot_gs-accessing-data-rest_complete] INFO  o.eclipse.m2e.core.internal.Bundles - 	Entry: C:\Users\wakeel kumar kushwah\.p2\pool\plugins\org.eclipse.m2e.maven.runtime_3.9.700.20240602-2313\jars\maven-compat-3.9.7.jar
2025-01-18 13:34:19,822 [Worker-16: Launching Executing install in D__Springboot_gs-accessing-data-rest_complete] INFO  o.eclipse.m2e.core.internal.Bundles - 	Entry: C:\Users\wakeel kumar kushwah\.p2\pool\plugins\org.eclipse.m2e.maven.runtime_3.9.700.20240602-2313\jars\maven-core-3.9.7.jar
2025-01-18 13:34:19,822 [Worker-16: Launching Executing install in D__Springboot_gs-accessing-data-rest_complete] INFO  o.eclipse.m2e.core.internal.Bundles - 	Entry: C:\Users\wakeel kumar kushwah\.p2\pool\plugins\org.eclipse.m2e.maven.runtime_3.9.700.20240602-2313\jars\maven-embedder-3.9.7.jar
2025-01-18 13:34:19,822 [Worker-16: Launching Executing install in D__Springboot_gs-accessing-data-rest_complete] INFO  o.eclipse.m2e.core.internal.Bundles - 	Entry: C:\Users\wakeel kumar kushwah\.p2\pool\plugins\org.eclipse.m2e.maven.runtime_3.9.700.20240602-2313\jars\maven-model-3.9.7.jar
2025-01-18 13:34:19,823 [Worker-16: Launching Executing install in D__Springboot_gs-accessing-data-rest_complete] INFO  o.eclipse.m2e.core.internal.Bundles - 	Entry: C:\Users\wakeel kumar kushwah\.p2\pool\plugins\org.eclipse.m2e.maven.runtime_3.9.700.20240602-2313\jars\maven-model-builder-3.9.7.jar
2025-01-18 13:34:19,823 [Worker-16: Launching Executing install in D__Springboot_gs-accessing-data-rest_complete] INFO  o.eclipse.m2e.core.internal.Bundles - 	Entry: C:\Users\wakeel kumar kushwah\.p2\pool\plugins\org.eclipse.m2e.maven.runtime_3.9.700.20240602-2313\jars\maven-plugin-api-3.9.7.jar
2025-01-18 13:34:19,824 [Worker-16: Launching Executing install in D__Springboot_gs-accessing-data-rest_complete] INFO  o.eclipse.m2e.core.internal.Bundles - 	Entry: C:\Users\wakeel kumar kushwah\.p2\pool\plugins\org.eclipse.m2e.maven.runtime_3.9.700.20240602-2313\jars\maven-repository-metadata-3.9.7.jar
2025-01-18 13:34:19,824 [Worker-16: Launching Executing install in D__Springboot_gs-accessing-data-rest_complete] INFO  o.eclipse.m2e.core.internal.Bundles - 	Entry: C:\Users\wakeel kumar kushwah\.p2\pool\plugins\org.eclipse.m2e.maven.runtime_3.9.700.20240602-2313\jars\maven-resolver-api-1.9.20.jar
2025-01-18 13:34:19,825 [Worker-16: Launching Executing install in D__Springboot_gs-accessing-data-rest_complete] INFO  o.eclipse.m2e.core.internal.Bundles - 	Entry: C:\Users\wakeel kumar kushwah\.p2\pool\plugins\org.eclipse.m2e.maven.runtime_3.9.700.20240602-2313\jars\maven-resolver-connector-basic-1.9.20.jar
2025-01-18 13:34:19,825 [Worker-16: Launching Executing install in D__Springboot_gs-accessing-data-rest_complete] INFO  o.eclipse.m2e.core.internal.Bundles - 	Entry: C:\Users\wakeel kumar kushwah\.p2\pool\plugins\org.eclipse.m2e.maven.runtime_3.9.700.20240602-2313\jars\maven-resolver-impl-1.9.20.jar
2025-01-18 13:34:19,825 [Worker-16: Launching Executing install in D__Springboot_gs-accessing-data-rest_complete] INFO  o.eclipse.m2e.core.internal.Bundles - 	Entry: C:\Users\wakeel kumar kushwah\.p2\pool\plugins\org.eclipse.m2e.maven.runtime_3.9.700.20240602-2313\jars\maven-resolver-named-locks-1.9.20.jar
2025-01-18 13:34:19,825 [Worker-16: Launching Executing install in D__Springboot_gs-accessing-data-rest_complete] INFO  o.eclipse.m2e.core.internal.Bundles - 	Entry: C:\Users\wakeel kumar kushwah\.p2\pool\plugins\org.eclipse.m2e.maven.runtime_3.9.700.20240602-2313\jars\maven-resolver-provider-3.9.7.jar
2025-01-18 13:34:19,826 [Worker-16: Launching Executing install in D__Springboot_gs-accessing-data-rest_complete] INFO  o.eclipse.m2e.core.internal.Bundles - 	Entry: C:\Users\wakeel kumar kushwah\.p2\pool\plugins\org.eclipse.m2e.maven.runtime_3.9.700.20240602-2313\jars\maven-resolver-spi-1.9.20.jar
2025-01-18 13:34:19,826 [Worker-16: Launching Executing install in D__Springboot_gs-accessing-data-rest_complete] INFO  o.eclipse.m2e.core.internal.Bundles - 	Entry: C:\Users\wakeel kumar kushwah\.p2\pool\plugins\org.eclipse.m2e.maven.runtime_3.9.700.20240602-2313\jars\maven-resolver-transport-file-1.9.20.jar
2025-01-18 13:34:19,826 [Worker-16: Launching Executing install in D__Springboot_gs-accessing-data-rest_complete] INFO  o.eclipse.m2e.core.internal.Bundles - 	Entry: C:\Users\wakeel kumar kushwah\.p2\pool\plugins\org.eclipse.m2e.maven.runtime_3.9.700.20240602-2313\jars\maven-resolver-transport-http-1.9.20.jar
2025-01-18 13:34:19,826 [Worker-16: Launching Executing install in D__Springboot_gs-accessing-data-rest_complete] INFO  o.eclipse.m2e.core.internal.Bundles - 	Entry: C:\Users\wakeel kumar kushwah\.p2\pool\plugins\org.eclipse.m2e.maven.runtime_3.9.700.20240602-2313\jars\maven-resolver-transport-wagon-1.9.20.jar
2025-01-18 13:34:19,826 [Worker-16: Launching Executing install in D__Springboot_gs-accessing-data-rest_complete] INFO  o.eclipse.m2e.core.internal.Bundles - 	Entry: C:\Users\wakeel kumar kushwah\.p2\pool\plugins\org.eclipse.m2e.maven.runtime_3.9.700.20240602-2313\jars\maven-resolver-util-1.9.20.jar
2025-01-18 13:34:19,827 [Worker-16: Launching Executing install in D__Springboot_gs-accessing-data-rest_complete] INFO  o.eclipse.m2e.core.internal.Bundles - 	Entry: C:\Users\wakeel kumar kushwah\.p2\pool\plugins\org.eclipse.m2e.maven.runtime_3.9.700.20240602-2313\jars\maven-settings-3.9.7.jar
2025-01-18 13:34:19,827 [Worker-16: Launching Executing install in D__Springboot_gs-accessing-data-rest_complete] INFO  o.eclipse.m2e.core.internal.Bundles - 	Entry: C:\Users\wakeel kumar kushwah\.p2\pool\plugins\org.eclipse.m2e.maven.runtime_3.9.700.20240602-2313\jars\maven-settings-builder-3.9.7.jar
2025-01-18 13:34:19,827 [Worker-16: Launching Executing install in D__Springboot_gs-accessing-data-rest_complete] INFO  o.eclipse.m2e.core.internal.Bundles - 	Entry: C:\Users\wakeel kumar kushwah\.p2\pool\plugins\org.eclipse.m2e.maven.runtime_3.9.700.20240602-2313\jars\maven-shared-utils-3.4.2.jar
2025-01-18 13:34:19,827 [Worker-16: Launching Executing install in D__Springboot_gs-accessing-data-rest_complete] INFO  o.eclipse.m2e.core.internal.Bundles - 	Entry: C:\Users\wakeel kumar kushwah\.p2\pool\plugins\org.eclipse.m2e.maven.runtime_3.9.700.20240602-2313\jars\org.eclipse.sisu.inject-0.9.0.M2.jar
2025-01-18 13:34:19,827 [Worker-16: Launching Executing install in D__Springboot_gs-accessing-data-rest_complete] INFO  o.eclipse.m2e.core.internal.Bundles - 	Entry: C:\Users\wakeel kumar kushwah\.p2\pool\plugins\org.eclipse.m2e.maven.runtime_3.9.700.20240602-2313\jars\org.eclipse.sisu.plexus-0.9.0.M2.jar
2025-01-18 13:34:19,827 [Worker-16: Launching Executing install in D__Springboot_gs-accessing-data-rest_complete] INFO  o.eclipse.m2e.core.internal.Bundles - 	Entry: C:\Users\wakeel kumar kushwah\.p2\pool\plugins\org.eclipse.m2e.maven.runtime_3.9.700.20240602-2313\jars\plexus-build-api-0.0.7.jar
2025-01-18 13:34:19,828 [Worker-16: Launching Executing install in D__Springboot_gs-accessing-data-rest_complete] INFO  o.eclipse.m2e.core.internal.Bundles - 	Entry: C:\Users\wakeel kumar kushwah\.p2\pool\plugins\org.eclipse.m2e.maven.runtime_3.9.700.20240602-2313\jars\plexus-build-api-1.2.0.jar
2025-01-18 13:34:19,828 [Worker-16: Launching Executing install in D__Springboot_gs-accessing-data-rest_complete] INFO  o.eclipse.m2e.core.internal.Bundles - 	Entry: C:\Users\wakeel kumar kushwah\.p2\pool\plugins\org.eclipse.m2e.maven.runtime_3.9.700.20240602-2313\jars\plexus-cipher-2.0.jar
2025-01-18 13:34:19,828 [Worker-16: Launching Executing install in D__Springboot_gs-accessing-data-rest_complete] INFO  o.eclipse.m2e.core.internal.Bundles - 	Entry: C:\Users\wakeel kumar kushwah\.p2\pool\plugins\org.eclipse.m2e.maven.runtime_3.9.700.20240602-2313\jars\plexus-classworlds-2.8.0.jar
2025-01-18 13:34:19,829 [Worker-16: Launching Executing install in D__Springboot_gs-accessing-data-rest_complete] INFO  o.eclipse.m2e.core.internal.Bundles - 	Entry: C:\Users\wakeel kumar kushwah\.p2\pool\plugins\org.eclipse.m2e.maven.runtime_3.9.700.20240602-2313\jars\plexus-component-annotations-2.1.0.jar
2025-01-18 13:34:19,829 [Worker-16: Launching Executing install in D__Springboot_gs-accessing-data-rest_complete] INFO  o.eclipse.m2e.core.internal.Bundles - 	Entry: C:\Users\wakeel kumar kushwah\.p2\pool\plugins\org.eclipse.m2e.maven.runtime_3.9.700.20240602-2313\jars\plexus-interpolation-1.27.jar
2025-01-18 13:34:19,829 [Worker-16: Launching Executing install in D__Springboot_gs-accessing-data-rest_complete] INFO  o.eclipse.m2e.core.internal.Bundles - 	Entry: C:\Users\wakeel kumar kushwah\.p2\pool\plugins\org.eclipse.m2e.maven.runtime_3.9.700.20240602-2313\jars\plexus-sec-dispatcher-2.0.jar
2025-01-18 13:34:19,829 [Worker-16: Launching Executing install in D__Springboot_gs-accessing-data-rest_complete] INFO  o.eclipse.m2e.core.internal.Bundles - 	Entry: C:\Users\wakeel kumar kushwah\.p2\pool\plugins\org.eclipse.m2e.maven.runtime_3.9.700.20240602-2313\jars\plexus-utils-3.5.1.jar
2025-01-18 13:34:19,829 [Worker-16: Launching Executing install in D__Springboot_gs-accessing-data-rest_complete] INFO  o.eclipse.m2e.core.internal.Bundles - 	Entry: C:\Users\wakeel kumar kushwah\.p2\pool\plugins\org.eclipse.m2e.maven.runtime_3.9.700.20240602-2313\jars\wagon-file-3.5.3.jar
2025-01-18 13:34:19,830 [Worker-16: Launching Executing install in D__Springboot_gs-accessing-data-rest_complete] INFO  o.eclipse.m2e.core.internal.Bundles - 	Entry: C:\Users\wakeel kumar kushwah\.p2\pool\plugins\org.eclipse.m2e.maven.runtime_3.9.700.20240602-2313\jars\wagon-http-3.5.3.jar
2025-01-18 13:34:19,830 [Worker-16: Launching Executing install in D__Springboot_gs-accessing-data-rest_complete] INFO  o.eclipse.m2e.core.internal.Bundles - 	Entry: C:\Users\wakeel kumar kushwah\.p2\pool\plugins\org.eclipse.m2e.maven.runtime_3.9.700.20240602-2313\jars\wagon-http-shared-3.5.3.jar
2025-01-18 13:34:19,830 [Worker-16: Launching Executing install in D__Springboot_gs-accessing-data-rest_complete] INFO  o.eclipse.m2e.core.internal.Bundles - 	Entry: C:\Users\wakeel kumar kushwah\.p2\pool\plugins\org.eclipse.m2e.maven.runtime_3.9.700.20240602-2313\jars\wagon-provider-api-3.5.3.jar
2025-01-18 13:34:19,832 [Worker-16: Launching Executing install in D__Springboot_gs-accessing-data-rest_complete] INFO  o.eclipse.m2e.core.internal.Bundles - getClasspathEntries(Bundle=com.google.guava_33.3.1.jre [1030])
2025-01-18 13:34:19,834 [Worker-16: Launching Executing install in D__Springboot_gs-accessing-data-rest_complete] INFO  o.eclipse.m2e.core.internal.Bundles - 	Entry: C:\Users\wakeel kumar kushwah\.p2\pool\plugins\com.google.guava_33.3.1.jre.jar
2025-01-18 13:34:19,834 [Worker-16: Launching Executing install in D__Springboot_gs-accessing-data-rest_complete] INFO  o.eclipse.m2e.core.internal.Bundles - getClasspathEntries(Bundle=slf4j.api_2.0.16 [1144])
2025-01-18 13:34:19,834 [Worker-16: Launching Executing install in D__Springboot_gs-accessing-data-rest_complete] INFO  o.eclipse.m2e.core.internal.Bundles - 	Entry: C:\Users\wakeel kumar kushwah\.p2\pool\plugins\slf4j.api_2.0.16.jar
2025-01-18 13:34:19,834 [Worker-16: Launching Executing install in D__Springboot_gs-accessing-data-rest_complete] INFO  o.eclipse.m2e.core.internal.Bundles - getClasspathEntries(Bundle=jakarta.inject.jakarta.inject-api_1.0.5 [33])
2025-01-18 13:34:19,835 [Worker-16: Launching Executing install in D__Springboot_gs-accessing-data-rest_complete] INFO  o.eclipse.m2e.core.internal.Bundles - 	Entry: C:\Users\wakeel kumar kushwah\.p2\pool\plugins\jakarta.inject.jakarta.inject-api_1.0.5.jar
2025-01-18 13:34:19,835 [Worker-16: Launching Executing install in D__Springboot_gs-accessing-data-rest_complete] INFO  o.eclipse.m2e.core.internal.Bundles - getClasspathEntries(Bundle=javax.annotation_1.3.5.v20200909-1856 [44])
2025-01-18 13:34:19,835 [Worker-16: Launching Executing install in D__Springboot_gs-accessing-data-rest_complete] INFO  o.eclipse.m2e.core.internal.Bundles - 	Entry: C:\Users\wakeel kumar kushwah\.p2\pool\plugins\javax.annotation_1.3.5.v20200909-1856.jar
2025-01-18 13:34:19,835 [Worker-16: Launching Executing install in D__Springboot_gs-accessing-data-rest_complete] INFO  o.eclipse.m2e.core.internal.Bundles - getClasspathEntries(Bundle=org.apache.commons.cli_1.9.0 [1043])
2025-01-18 13:34:19,836 [Worker-16: Launching Executing install in D__Springboot_gs-accessing-data-rest_complete] INFO  o.eclipse.m2e.core.internal.Bundles - 	Entry: C:\Users\wakeel kumar kushwah\.p2\pool\plugins\org.apache.commons.cli_1.9.0.jar
2025-01-18 13:34:19,836 [Worker-16: Launching Executing install in D__Springboot_gs-accessing-data-rest_complete] INFO  o.eclipse.m2e.core.internal.Bundles - getClasspathEntries(Bundle=org.apache.commons.commons-codec_1.16.0 [81])
2025-01-18 13:34:19,836 [Worker-16: Launching Executing install in D__Springboot_gs-accessing-data-rest_complete] INFO  o.eclipse.m2e.core.internal.Bundles - 	Entry: C:\Users\wakeel kumar kushwah\.p2\pool\plugins\org.apache.commons.commons-codec_1.16.0.jar
2025-01-18 13:34:19,836 [Worker-16: Launching Executing install in D__Springboot_gs-accessing-data-rest_complete] INFO  o.eclipse.m2e.core.internal.Bundles - getClasspathEntries(Bundle=org.apache.commons.lang3_3.17.0 [1046])
2025-01-18 13:34:19,837 [Worker-16: Launching Executing install in D__Springboot_gs-accessing-data-rest_complete] INFO  o.eclipse.m2e.core.internal.Bundles - 	Entry: C:\Users\wakeel kumar kushwah\.p2\pool\plugins\org.apache.commons.lang3_3.17.0.jar
2025-01-18 13:34:19,837 [Worker-16: Launching Executing install in D__Springboot_gs-accessing-data-rest_complete] INFO  o.eclipse.m2e.core.internal.Bundles - getClasspathEntries(Bundle=com.google.guava.failureaccess_1.0.2 [17])
2025-01-18 13:34:19,837 [Worker-16: Launching Executing install in D__Springboot_gs-accessing-data-rest_complete] INFO  o.eclipse.m2e.core.internal.Bundles - 	Entry: C:\Users\wakeel kumar kushwah\.p2\pool\plugins\com.google.guava.failureaccess_1.0.2.jar
2025-01-18 13:34:19,844 [Worker-16: Launching Executing install in D__Springboot_gs-accessing-data-rest_complete] INFO  o.e.m.i.launch.MavenLaunchDelegate - Run build in "D:\Springboot\gs-accessing-data-rest\complete":
2025-01-18 13:34:19,845 [Worker-16: Launching Executing install in D__Springboot_gs-accessing-data-rest_complete] INFO  o.e.m.i.launch.MavenLaunchDelegate -  mvn  -B -Dstyle.color=always install
2025-01-18 13:35:54,704 [Worker-17: Update Maven projects configuration] INFO  o.e.m.c.i.p.ProjectConfigurationManager - Update started
2025-01-18 13:35:55,286 [Worker-17: Update Maven projects configuration] INFO  o.e.m.c.i.l.LifecycleMappingFactory - Using org.eclipse.m2e.jdt.JarLifecycleMapping lifecycle mapping for MavenProject: com.example:accessing-data-mysql-complete:0.0.1-SNAPSHOT @ D:\Springboot\gs-accessing-data-mysql\complete\pom.xml.
2025-01-18 13:35:55,943 [Worker-17: Update Maven projects configuration] INFO  o.e.m.c.i.e.AbstractTransferListenerAdapter - Downloading https://repo.maven.apache.org/maven2/org/springframework/boot/spring-boot-docker-compose/3.3.0/spring-boot-docker-compose-3.3.0.pom
2025-01-18 13:35:55,958 [Worker-17: Update Maven projects configuration] INFO  o.e.m.c.i.e.AbstractTransferListenerAdapter - Downloaded https://repo.maven.apache.org/maven2/org/springframework/boot/spring-boot-docker-compose/3.3.0/spring-boot-docker-compose-3.3.0.pom
2025-01-18 13:35:56,057 [Worker-17: Update Maven projects configuration] INFO  o.e.m.c.i.e.AbstractTransferListenerAdapter - Downloading https://repo.maven.apache.org/maven2/org/springframework/boot/spring-boot-testcontainers/3.3.0/spring-boot-testcontainers-3.3.0.pom
2025-01-18 13:35:56,068 [Worker-17: Update Maven projects configuration] INFO  o.e.m.c.i.e.AbstractTransferListenerAdapter - Downloaded https://repo.maven.apache.org/maven2/org/springframework/boot/spring-boot-testcontainers/3.3.0/spring-boot-testcontainers-3.3.0.pom
2025-01-18 13:35:56,103 [Worker-17: Update Maven projects configuration] INFO  o.e.m.c.i.e.AbstractTransferListenerAdapter - Downloading https://repo.maven.apache.org/maven2/org/testcontainers/testcontainers/1.19.8/testcontainers-1.19.8.pom
2025-01-18 13:35:56,109 [Worker-17: Update Maven projects configuration] INFO  o.e.m.c.i.e.AbstractTransferListenerAdapter - Downloaded https://repo.maven.apache.org/maven2/org/testcontainers/testcontainers/1.19.8/testcontainers-1.19.8.pom
2025-01-18 13:35:56,158 [Worker-17: Update Maven projects configuration] INFO  o.e.m.c.i.e.AbstractTransferListenerAdapter - Downloading https://repo.maven.apache.org/maven2/junit/junit/4.13.2/junit-4.13.2.pom
2025-01-18 13:35:56,215 [Worker-17: Update Maven projects configuration] INFO  o.e.m.c.i.e.AbstractTransferListenerAdapter - Downloaded https://repo.maven.apache.org/maven2/junit/junit/4.13.2/junit-4.13.2.pom
2025-01-18 13:35:56,251 [Worker-17: Update Maven projects configuration] INFO  o.e.m.c.i.e.AbstractTransferListenerAdapter - Downloading https://repo.maven.apache.org/maven2/org/hamcrest/hamcrest-core/2.2/hamcrest-core-2.2.pom
2025-01-18 13:35:56,256 [Worker-17: Update Maven projects configuration] INFO  o.e.m.c.i.e.AbstractTransferListenerAdapter - Downloaded https://repo.maven.apache.org/maven2/org/hamcrest/hamcrest-core/2.2/hamcrest-core-2.2.pom
2025-01-18 13:35:56,295 [Worker-17: Update Maven projects configuration] INFO  o.e.m.c.i.e.AbstractTransferListenerAdapter - Downloading https://repo.maven.apache.org/maven2/org/apache/commons/commons-compress/1.24.0/commons-compress-1.24.0.pom
2025-01-18 13:35:56,323 [Worker-17: Update Maven projects configuration] INFO  o.e.m.c.i.e.AbstractTransferListenerAdapter - Downloaded https://repo.maven.apache.org/maven2/org/apache/commons/commons-compress/1.24.0/commons-compress-1.24.0.pom
2025-01-18 13:35:56,359 [Worker-17: Update Maven projects configuration] INFO  o.e.m.c.i.e.AbstractTransferListenerAdapter - Downloading https://repo.maven.apache.org/maven2/org/apache/commons/commons-parent/61/commons-parent-61.pom
2025-01-18 13:35:56,402 [Worker-17: Update Maven projects configuration] INFO  o.e.m.c.i.e.AbstractTransferListenerAdapter - Downloaded https://repo.maven.apache.org/maven2/org/apache/commons/commons-parent/61/commons-parent-61.pom
2025-01-18 13:35:56,444 [Worker-17: Update Maven projects configuration] INFO  o.e.m.c.i.e.AbstractTransferListenerAdapter - Downloading https://repo.maven.apache.org/maven2/org/rnorth/duct-tape/duct-tape/1.0.8/duct-tape-1.0.8.pom
2025-01-18 13:35:56,472 [Worker-17: Update Maven projects configuration] INFO  o.e.m.c.i.e.AbstractTransferListenerAdapter - Downloaded https://repo.maven.apache.org/maven2/org/rnorth/duct-tape/duct-tape/1.0.8/duct-tape-1.0.8.pom
2025-01-18 13:35:56,513 [Worker-17: Update Maven projects configuration] INFO  o.e.m.c.i.e.AbstractTransferListenerAdapter - Downloading https://repo.maven.apache.org/maven2/org/jetbrains/annotations/17.0.0/annotations-17.0.0.pom
2025-01-18 13:35:56,520 [Worker-17: Update Maven projects configuration] INFO  o.e.m.c.i.e.AbstractTransferListenerAdapter - Downloaded https://repo.maven.apache.org/maven2/org/jetbrains/annotations/17.0.0/annotations-17.0.0.pom
2025-01-18 13:35:56,561 [Worker-17: Update Maven projects configuration] INFO  o.e.m.c.i.e.AbstractTransferListenerAdapter - Downloading https://repo.maven.apache.org/maven2/com/github/docker-java/docker-java-api/3.3.6/docker-java-api-3.3.6.pom
2025-01-18 13:35:56,566 [Worker-17: Update Maven projects configuration] INFO  o.e.m.c.i.e.AbstractTransferListenerAdapter - Downloaded https://repo.maven.apache.org/maven2/com/github/docker-java/docker-java-api/3.3.6/docker-java-api-3.3.6.pom
2025-01-18 13:35:56,602 [Worker-17: Update Maven projects configuration] INFO  o.e.m.c.i.e.AbstractTransferListenerAdapter - Downloading https://repo.maven.apache.org/maven2/com/github/docker-java/docker-java-parent/3.3.6/docker-java-parent-3.3.6.pom
2025-01-18 13:35:56,611 [Worker-17: Update Maven projects configuration] INFO  o.e.m.c.i.e.AbstractTransferListenerAdapter - Downloaded https://repo.maven.apache.org/maven2/com/github/docker-java/docker-java-parent/3.3.6/docker-java-parent-3.3.6.pom
2025-01-18 13:35:56,656 [Worker-17: Update Maven projects configuration] INFO  o.e.m.c.i.e.AbstractTransferListenerAdapter - Downloading https://repo.maven.apache.org/maven2/com/github/docker-java/docker-java-transport-zerodep/3.3.6/docker-java-transport-zerodep-3.3.6.pom
2025-01-18 13:35:56,663 [Worker-17: Update Maven projects configuration] INFO  o.e.m.c.i.e.AbstractTransferListenerAdapter - Downloaded https://repo.maven.apache.org/maven2/com/github/docker-java/docker-java-transport-zerodep/3.3.6/docker-java-transport-zerodep-3.3.6.pom
2025-01-18 13:35:56,706 [Worker-17: Update Maven projects configuration] INFO  o.e.m.c.i.e.AbstractTransferListenerAdapter - Downloading https://repo.maven.apache.org/maven2/com/github/docker-java/docker-java-transport/3.3.6/docker-java-transport-3.3.6.pom
2025-01-18 13:35:56,713 [Worker-17: Update Maven projects configuration] INFO  o.e.m.c.i.e.AbstractTransferListenerAdapter - Downloaded https://repo.maven.apache.org/maven2/com/github/docker-java/docker-java-transport/3.3.6/docker-java-transport-3.3.6.pom
2025-01-18 13:35:56,751 [Worker-17: Update Maven projects configuration] INFO  o.e.m.c.i.e.AbstractTransferListenerAdapter - Downloading https://repo.maven.apache.org/maven2/org/testcontainers/junit-jupiter/1.19.8/junit-jupiter-1.19.8.pom
2025-01-18 13:35:56,757 [Worker-17: Update Maven projects configuration] INFO  o.e.m.c.i.e.AbstractTransferListenerAdapter - Downloaded https://repo.maven.apache.org/maven2/org/testcontainers/junit-jupiter/1.19.8/junit-jupiter-1.19.8.pom
2025-01-18 13:35:56,795 [Worker-17: Update Maven projects configuration] INFO  o.e.m.c.i.e.AbstractTransferListenerAdapter - Downloading https://repo.maven.apache.org/maven2/org/testcontainers/mysql/1.19.8/mysql-1.19.8.pom
2025-01-18 13:35:56,801 [Worker-17: Update Maven projects configuration] INFO  o.e.m.c.i.e.AbstractTransferListenerAdapter - Downloaded https://repo.maven.apache.org/maven2/org/testcontainers/mysql/1.19.8/mysql-1.19.8.pom
2025-01-18 13:35:56,842 [Worker-17: Update Maven projects configuration] INFO  o.e.m.c.i.e.AbstractTransferListenerAdapter - Downloading https://repo.maven.apache.org/maven2/org/testcontainers/jdbc/1.19.8/jdbc-1.19.8.pom
2025-01-18 13:35:56,847 [Worker-17: Update Maven projects configuration] INFO  o.e.m.c.i.e.AbstractTransferListenerAdapter - Downloaded https://repo.maven.apache.org/maven2/org/testcontainers/jdbc/1.19.8/jdbc-1.19.8.pom
2025-01-18 13:35:56,884 [Worker-17: Update Maven projects configuration] INFO  o.e.m.c.i.e.AbstractTransferListenerAdapter - Downloading https://repo.maven.apache.org/maven2/org/testcontainers/database-commons/1.19.8/database-commons-1.19.8.pom
2025-01-18 13:35:56,890 [Worker-17: Update Maven projects configuration] INFO  o.e.m.c.i.e.AbstractTransferListenerAdapter - Downloaded https://repo.maven.apache.org/maven2/org/testcontainers/database-commons/1.19.8/database-commons-1.19.8.pom
2025-01-18 13:35:57,127 [Worker-17: Update Maven projects configuration] INFO  o.e.m.c.i.e.AbstractTransferListenerAdapter - Downloading https://repo.maven.apache.org/maven2/org/springframework/boot/spring-boot-docker-compose/3.3.0/spring-boot-docker-compose-3.3.0.jar
2025-01-18 13:35:57,215 [Worker-17: Update Maven projects configuration] INFO  o.e.m.c.i.e.AbstractTransferListenerAdapter - Downloaded https://repo.maven.apache.org/maven2/org/springframework/boot/spring-boot-docker-compose/3.3.0/spring-boot-docker-compose-3.3.0.jar
2025-01-18 13:35:57,248 [BasicRepositoryConnector-repo.maven.apache.org-0-3] INFO  o.e.m.c.i.e.AbstractTransferListenerAdapter - Downloading https://repo.maven.apache.org/maven2/org/hamcrest/hamcrest-core/2.2/hamcrest-core-2.2.jar
2025-01-18 13:35:57,254 [BasicRepositoryConnector-repo.maven.apache.org-0-3] INFO  o.e.m.c.i.e.AbstractTransferListenerAdapter - Downloaded https://repo.maven.apache.org/maven2/org/hamcrest/hamcrest-core/2.2/hamcrest-core-2.2.jar
2025-01-18 13:35:57,283 [BasicRepositoryConnector-repo.maven.apache.org-0-3] INFO  o.e.m.c.i.e.AbstractTransferListenerAdapter - Downloading https://repo.maven.apache.org/maven2/org/rnorth/duct-tape/duct-tape/1.0.8/duct-tape-1.0.8.jar
2025-01-18 13:35:57,314 [BasicRepositoryConnector-repo.maven.apache.org-0-3] INFO  o.e.m.c.i.e.AbstractTransferListenerAdapter - Downloaded https://repo.maven.apache.org/maven2/org/rnorth/duct-tape/duct-tape/1.0.8/duct-tape-1.0.8.jar
2025-01-18 13:35:57,327 [BasicRepositoryConnector-repo.maven.apache.org-0-2] INFO  o.e.m.c.i.e.AbstractTransferListenerAdapter - Downloading https://repo.maven.apache.org/maven2/junit/junit/4.13.2/junit-4.13.2.jar
2025-01-18 13:35:57,327 [BasicRepositoryConnector-repo.maven.apache.org-0-4] INFO  o.e.m.c.i.e.AbstractTransferListenerAdapter - Downloading https://repo.maven.apache.org/maven2/org/apache/commons/commons-compress/1.24.0/commons-compress-1.24.0.jar
2025-01-18 13:35:57,327 [BasicRepositoryConnector-repo.maven.apache.org-0-0] INFO  o.e.m.c.i.e.AbstractTransferListenerAdapter - Downloading https://repo.maven.apache.org/maven2/org/springframework/boot/spring-boot-testcontainers/3.3.0/spring-boot-testcontainers-3.3.0.jar
2025-01-18 13:35:57,327 [BasicRepositoryConnector-repo.maven.apache.org-0-1] INFO  o.e.m.c.i.e.AbstractTransferListenerAdapter - Downloading https://repo.maven.apache.org/maven2/org/testcontainers/testcontainers/1.19.8/testcontainers-1.19.8.jar
2025-01-18 13:35:57,346 [BasicRepositoryConnector-repo.maven.apache.org-0-3] INFO  o.e.m.c.i.e.AbstractTransferListenerAdapter - Downloading https://repo.maven.apache.org/maven2/org/jetbrains/annotations/17.0.0/annotations-17.0.0.jar
2025-01-18 13:35:57,353 [BasicRepositoryConnector-repo.maven.apache.org-0-3] INFO  o.e.m.c.i.e.AbstractTransferListenerAdapter - Downloaded https://repo.maven.apache.org/maven2/org/jetbrains/annotations/17.0.0/annotations-17.0.0.jar
2025-01-18 13:35:57,419 [BasicRepositoryConnector-repo.maven.apache.org-0-3] INFO  o.e.m.c.i.e.AbstractTransferListenerAdapter - Downloading https://repo.maven.apache.org/maven2/com/github/docker-java/docker-java-api/3.3.6/docker-java-api-3.3.6.jar
2025-01-18 13:35:57,744 [BasicRepositoryConnector-repo.maven.apache.org-0-0] INFO  o.e.m.c.i.e.AbstractTransferListenerAdapter - Downloaded https://repo.maven.apache.org/maven2/org/springframework/boot/spring-boot-testcontainers/3.3.0/spring-boot-testcontainers-3.3.0.jar
2025-01-18 13:35:57,797 [BasicRepositoryConnector-repo.maven.apache.org-0-0] INFO  o.e.m.c.i.e.AbstractTransferListenerAdapter - Downloading https://repo.maven.apache.org/maven2/com/github/docker-java/docker-java-transport-zerodep/3.3.6/docker-java-transport-zerodep-3.3.6.jar
2025-01-18 13:35:57,799 [BasicRepositoryConnector-repo.maven.apache.org-0-3] INFO  o.e.m.c.i.e.AbstractTransferListenerAdapter - Downloaded https://repo.maven.apache.org/maven2/com/github/docker-java/docker-java-api/3.3.6/docker-java-api-3.3.6.jar
2025-01-18 13:35:57,846 [BasicRepositoryConnector-repo.maven.apache.org-0-3] INFO  o.e.m.c.i.e.AbstractTransferListenerAdapter - Downloading https://repo.maven.apache.org/maven2/com/github/docker-java/docker-java-transport/3.3.6/docker-java-transport-3.3.6.jar
2025-01-18 13:35:57,882 [BasicRepositoryConnector-repo.maven.apache.org-0-3] INFO  o.e.m.c.i.e.AbstractTransferListenerAdapter - Downloaded https://repo.maven.apache.org/maven2/com/github/docker-java/docker-java-transport/3.3.6/docker-java-transport-3.3.6.jar
2025-01-18 13:35:57,963 [BasicRepositoryConnector-repo.maven.apache.org-0-3] INFO  o.e.m.c.i.e.AbstractTransferListenerAdapter - Downloading https://repo.maven.apache.org/maven2/org/testcontainers/junit-jupiter/1.19.8/junit-jupiter-1.19.8.jar
2025-01-18 13:35:58,052 [BasicRepositoryConnector-repo.maven.apache.org-0-3] INFO  o.e.m.c.i.e.AbstractTransferListenerAdapter - Downloaded https://repo.maven.apache.org/maven2/org/testcontainers/junit-jupiter/1.19.8/junit-jupiter-1.19.8.jar
2025-01-18 13:35:58,142 [BasicRepositoryConnector-repo.maven.apache.org-0-3] INFO  o.e.m.c.i.e.AbstractTransferListenerAdapter - Downloading https://repo.maven.apache.org/maven2/org/testcontainers/mysql/1.19.8/mysql-1.19.8.jar
2025-01-18 13:35:58,239 [BasicRepositoryConnector-repo.maven.apache.org-0-3] INFO  o.e.m.c.i.e.AbstractTransferListenerAdapter - Downloaded https://repo.maven.apache.org/maven2/org/testcontainers/mysql/1.19.8/mysql-1.19.8.jar
2025-01-18 13:35:58,262 [BasicRepositoryConnector-repo.maven.apache.org-0-2] INFO  o.e.m.c.i.e.AbstractTransferListenerAdapter - Downloaded https://repo.maven.apache.org/maven2/junit/junit/4.13.2/junit-4.13.2.jar
2025-01-18 13:35:58,291 [BasicRepositoryConnector-repo.maven.apache.org-0-3] INFO  o.e.m.c.i.e.AbstractTransferListenerAdapter - Downloading https://repo.maven.apache.org/maven2/org/testcontainers/jdbc/1.19.8/jdbc-1.19.8.jar
2025-01-18 13:35:58,305 [BasicRepositoryConnector-repo.maven.apache.org-0-2] INFO  o.e.m.c.i.e.AbstractTransferListenerAdapter - Downloading https://repo.maven.apache.org/maven2/org/testcontainers/database-commons/1.19.8/database-commons-1.19.8.jar
2025-01-18 13:35:58,341 [BasicRepositoryConnector-repo.maven.apache.org-0-3] INFO  o.e.m.c.i.e.AbstractTransferListenerAdapter - Downloaded https://repo.maven.apache.org/maven2/org/testcontainers/jdbc/1.19.8/jdbc-1.19.8.jar
2025-01-18 13:35:58,355 [BasicRepositoryConnector-repo.maven.apache.org-0-2] INFO  o.e.m.c.i.e.AbstractTransferListenerAdapter - Downloaded https://repo.maven.apache.org/maven2/org/testcontainers/database-commons/1.19.8/database-commons-1.19.8.jar
2025-01-18 13:35:59,344 [BasicRepositoryConnector-repo.maven.apache.org-0-4] INFO  o.e.m.c.i.e.AbstractTransferListenerAdapter - Downloaded https://repo.maven.apache.org/maven2/org/apache/commons/commons-compress/1.24.0/commons-compress-1.24.0.jar
2025-01-18 13:36:00,471 [BasicRepositoryConnector-repo.maven.apache.org-0-0] INFO  o.e.m.c.i.e.AbstractTransferListenerAdapter - Downloaded https://repo.maven.apache.org/maven2/com/github/docker-java/docker-java-transport-zerodep/3.3.6/docker-java-transport-zerodep-3.3.6.jar
2025-01-18 13:36:08,010 [BasicRepositoryConnector-repo.maven.apache.org-0-1] INFO  o.e.m.c.i.e.AbstractTransferListenerAdapter - Downloaded https://repo.maven.apache.org/maven2/org/testcontainers/testcontainers/1.19.8/testcontainers-1.19.8.jar
2025-01-18 13:36:09,751 [Worker-9: Download sources and javadoc] INFO  o.e.m.c.i.e.AbstractTransferListenerAdapter - Downloading https://repo.maven.apache.org/maven2/org/springframework/boot/spring-boot-docker-compose/3.3.0/spring-boot-docker-compose-3.3.0-sources.jar
2025-01-18 13:36:09,842 [Worker-17: Update Maven projects configuration] INFO  o.e.m.j.i.AbstractJavaProjectConfigurator - Adding source folder /complete/src/main/java
2025-01-18 13:36:09,844 [Worker-17: Update Maven projects configuration] INFO  o.e.m.j.i.AbstractJavaProjectConfigurator - Adding resource folder /complete/src/main/resources
2025-01-18 13:36:09,856 [Worker-17: Update Maven projects configuration] INFO  o.e.m.j.i.AbstractJavaProjectConfigurator - Adding resource folder /complete/src/main/resources
2025-01-18 13:36:09,867 [Worker-17: Update Maven projects configuration] INFO  o.e.m.j.i.AbstractJavaProjectConfigurator - Adding source folder /complete/src/test/java
2025-01-18 13:36:09,869 [Worker-17: Update Maven projects configuration] INFO  o.e.m.j.i.AbstractJavaProjectConfigurator - Adding resource folder /complete/src/test/resources
2025-01-18 13:36:09,982 [Worker-9: Download sources and javadoc] INFO  o.e.m.c.i.e.AbstractTransferListenerAdapter - Downloaded https://repo.maven.apache.org/maven2/org/springframework/boot/spring-boot-docker-compose/3.3.0/spring-boot-docker-compose-3.3.0-sources.jar
2025-01-18 13:36:09,988 [Worker-9: Download sources and javadoc] INFO  o.e.m.j.internal.DownloadSourcesJob - Downloaded sources for org.springframework.boot:spring-boot-docker-compose:3.3.0
2025-01-18 13:36:10,115 [Worker-9: Download sources and javadoc] INFO  o.e.m.c.i.e.AbstractTransferListenerAdapter - Downloading https://repo.maven.apache.org/maven2/org/springframework/boot/spring-boot-testcontainers/3.3.0/spring-boot-testcontainers-3.3.0-sources.jar
2025-01-18 13:36:10,270 [Worker-9: Download sources and javadoc] INFO  o.e.m.c.i.e.AbstractTransferListenerAdapter - Downloaded https://repo.maven.apache.org/maven2/org/springframework/boot/spring-boot-testcontainers/3.3.0/spring-boot-testcontainers-3.3.0-sources.jar
2025-01-18 13:36:10,276 [Worker-9: Download sources and javadoc] INFO  o.e.m.j.internal.DownloadSourcesJob - Downloaded sources for org.springframework.boot:spring-boot-testcontainers:3.3.0
2025-01-18 13:36:10,455 [Worker-9: Download sources and javadoc] INFO  o.e.m.c.i.e.AbstractTransferListenerAdapter - Downloading https://repo.maven.apache.org/maven2/org/testcontainers/testcontainers/1.19.8/testcontainers-1.19.8-sources.jar
2025-01-18 13:36:10,714 [Worker-9: Download sources and javadoc] INFO  o.e.m.c.i.e.AbstractTransferListenerAdapter - Downloaded https://repo.maven.apache.org/maven2/org/testcontainers/testcontainers/1.19.8/testcontainers-1.19.8-sources.jar
2025-01-18 13:36:10,721 [Worker-9: Download sources and javadoc] INFO  o.e.m.j.internal.DownloadSourcesJob - Downloaded sources for org.testcontainers:testcontainers:1.19.8
2025-01-18 13:36:10,892 [Worker-22: Building] INFO  o.a.m.s.f.DefaultMavenResourcesFiltering - Copying 1 resource from src\main\resources to target\classes
2025-01-18 13:36:10,922 [Worker-22: Building] INFO  o.a.m.s.f.DefaultMavenResourcesFiltering - Copying 0 resource from src\main\resources to target\classes
2025-01-18 13:36:10,934 [Worker-22: Building] INFO  o.a.m.s.f.DefaultMavenResourcesFiltering - skip non existing resourceDirectory D:\Springboot\gs-accessing-data-mysql\complete\src\test\resources
2025-01-18 13:36:10,981 [Worker-9: Download sources and javadoc] INFO  o.e.m.c.i.e.AbstractTransferListenerAdapter - Downloading https://repo.maven.apache.org/maven2/junit/junit/4.13.2/junit-4.13.2-sources.jar
2025-01-18 13:36:11,234 [Worker-17: Update Maven projects configuration] INFO  o.e.m.c.i.p.ProjectConfigurationManager - Update completed for 1 poms: local refresh takes 0.00 sec, refresh facades takes 14.00 sec, update config takes 2.00 sec 
2025-01-18 13:36:11,460 [Worker-9: Download sources and javadoc] INFO  o.e.m.c.i.e.AbstractTransferListenerAdapter - Downloaded https://repo.maven.apache.org/maven2/junit/junit/4.13.2/junit-4.13.2-sources.jar
2025-01-18 13:36:11,467 [Worker-9: Download sources and javadoc] INFO  o.e.m.j.internal.DownloadSourcesJob - Downloaded sources for junit:junit:4.13.2
2025-01-18 13:36:11,532 [Worker-8: Building] INFO  o.a.m.s.f.DefaultMavenResourcesFiltering - Copying 1 resource from src\main\resources to target\classes
2025-01-18 13:36:11,534 [Worker-8: Building] INFO  o.a.m.s.f.DefaultMavenResourcesFiltering - Copying 0 resource from src\main\resources to target\classes
2025-01-18 13:36:11,539 [Worker-8: Building] INFO  o.a.m.s.f.DefaultMavenResourcesFiltering - skip non existing resourceDirectory D:\Springboot\gs-accessing-data-mysql\complete\src\test\resources
2025-01-18 13:36:11,583 [Worker-9: Download sources and javadoc] INFO  o.e.m.c.i.e.AbstractTransferListenerAdapter - Downloading https://repo.maven.apache.org/maven2/org/hamcrest/hamcrest-core/2.2/hamcrest-core-2.2-sources.jar
2025-01-18 13:36:11,592 [Worker-9: Download sources and javadoc] INFO  o.e.m.c.i.e.AbstractTransferListenerAdapter - Downloaded https://repo.maven.apache.org/maven2/org/hamcrest/hamcrest-core/2.2/hamcrest-core-2.2-sources.jar
2025-01-18 13:36:11,598 [Worker-9: Download sources and javadoc] INFO  o.e.m.j.internal.DownloadSourcesJob - Downloaded sources for org.hamcrest:hamcrest-core:2.2
2025-01-18 13:36:11,692 [Worker-9: Download sources and javadoc] INFO  o.e.m.c.i.e.AbstractTransferListenerAdapter - Downloading https://repo.maven.apache.org/maven2/org/apache/commons/commons-compress/1.24.0/commons-compress-1.24.0-sources.jar
2025-01-18 13:36:12,264 [Worker-9: Download sources and javadoc] INFO  o.e.m.c.i.e.AbstractTransferListenerAdapter - Downloaded https://repo.maven.apache.org/maven2/org/apache/commons/commons-compress/1.24.0/commons-compress-1.24.0-sources.jar
2025-01-18 13:36:12,268 [Worker-9: Download sources and javadoc] INFO  o.e.m.j.internal.DownloadSourcesJob - Downloaded sources for org.apache.commons:commons-compress:1.24.0
2025-01-18 13:36:12,371 [Worker-9: Download sources and javadoc] INFO  o.e.m.c.i.e.AbstractTransferListenerAdapter - Downloading https://repo.maven.apache.org/maven2/org/rnorth/duct-tape/duct-tape/1.0.8/duct-tape-1.0.8-sources.jar
2025-01-18 13:36:12,398 [Worker-9: Download sources and javadoc] INFO  o.e.m.c.i.e.AbstractTransferListenerAdapter - Downloaded https://repo.maven.apache.org/maven2/org/rnorth/duct-tape/duct-tape/1.0.8/duct-tape-1.0.8-sources.jar
2025-01-18 13:36:12,402 [Worker-9: Download sources and javadoc] INFO  o.e.m.j.internal.DownloadSourcesJob - Downloaded sources for org.rnorth.duct-tape:duct-tape:1.0.8
2025-01-18 13:36:12,536 [Worker-9: Download sources and javadoc] INFO  o.e.m.c.i.e.AbstractTransferListenerAdapter - Downloading https://repo.maven.apache.org/maven2/org/jetbrains/annotations/17.0.0/annotations-17.0.0-sources.jar
2025-01-18 13:36:12,566 [Worker-9: Download sources and javadoc] INFO  o.e.m.c.i.e.AbstractTransferListenerAdapter - Downloaded https://repo.maven.apache.org/maven2/org/jetbrains/annotations/17.0.0/annotations-17.0.0-sources.jar
2025-01-18 13:36:12,570 [Worker-9: Download sources and javadoc] INFO  o.e.m.j.internal.DownloadSourcesJob - Downloaded sources for org.jetbrains:annotations:17.0.0
2025-01-18 13:36:12,670 [Worker-9: Download sources and javadoc] INFO  o.e.m.c.i.e.AbstractTransferListenerAdapter - Downloading https://repo.maven.apache.org/maven2/com/github/docker-java/docker-java-api/3.3.6/docker-java-api-3.3.6-sources.jar
2025-01-18 13:36:12,816 [Worker-9: Download sources and javadoc] INFO  o.e.m.c.i.e.AbstractTransferListenerAdapter - Downloaded https://repo.maven.apache.org/maven2/com/github/docker-java/docker-java-api/3.3.6/docker-java-api-3.3.6-sources.jar
2025-01-18 13:36:12,823 [Worker-9: Download sources and javadoc] INFO  o.e.m.j.internal.DownloadSourcesJob - Downloaded sources for com.github.docker-java:docker-java-api:3.3.6
2025-01-18 13:36:12,927 [Worker-9: Download sources and javadoc] INFO  o.e.m.c.i.e.AbstractTransferListenerAdapter - Downloading https://repo.maven.apache.org/maven2/com/github/docker-java/docker-java-transport-zerodep/3.3.6/docker-java-transport-zerodep-3.3.6-sources.jar
2025-01-18 13:36:13,836 [Worker-9: Download sources and javadoc] INFO  o.e.m.c.i.e.AbstractTransferListenerAdapter - Downloaded https://repo.maven.apache.org/maven2/com/github/docker-java/docker-java-transport-zerodep/3.3.6/docker-java-transport-zerodep-3.3.6-sources.jar
2025-01-18 13:36:13,842 [Worker-9: Download sources and javadoc] INFO  o.e.m.j.internal.DownloadSourcesJob - Downloaded sources for com.github.docker-java:docker-java-transport-zerodep:3.3.6
2025-01-18 13:36:13,969 [Worker-9: Download sources and javadoc] INFO  o.e.m.c.i.e.AbstractTransferListenerAdapter - Downloading https://repo.maven.apache.org/maven2/com/github/docker-java/docker-java-transport/3.3.6/docker-java-transport-3.3.6-sources.jar
2025-01-18 13:36:13,999 [Worker-9: Download sources and javadoc] INFO  o.e.m.c.i.e.AbstractTransferListenerAdapter - Downloaded https://repo.maven.apache.org/maven2/com/github/docker-java/docker-java-transport/3.3.6/docker-java-transport-3.3.6-sources.jar
2025-01-18 13:36:14,005 [Worker-9: Download sources and javadoc] INFO  o.e.m.j.internal.DownloadSourcesJob - Downloaded sources for com.github.docker-java:docker-java-transport:3.3.6
2025-01-18 13:36:14,117 [Worker-9: Download sources and javadoc] INFO  o.e.m.c.i.e.AbstractTransferListenerAdapter - Downloading https://repo.maven.apache.org/maven2/net/java/dev/jna/jna/5.13.0/jna-5.13.0-sources.jar
2025-01-18 13:36:14,226 [Worker-9: Download sources and javadoc] INFO  o.e.m.c.i.e.AbstractTransferListenerAdapter - Downloaded https://repo.maven.apache.org/maven2/net/java/dev/jna/jna/5.13.0/jna-5.13.0-sources.jar
2025-01-18 13:36:14,230 [Worker-9: Download sources and javadoc] INFO  o.e.m.j.internal.DownloadSourcesJob - Downloaded sources for net.java.dev.jna:jna:5.13.0
2025-01-18 13:36:14,330 [Worker-9: Download sources and javadoc] INFO  o.e.m.c.i.e.AbstractTransferListenerAdapter - Downloading https://repo.maven.apache.org/maven2/org/testcontainers/junit-jupiter/1.19.8/junit-jupiter-1.19.8-sources.jar
2025-01-18 13:36:14,357 [Worker-9: Download sources and javadoc] INFO  o.e.m.c.i.e.AbstractTransferListenerAdapter - Downloaded https://repo.maven.apache.org/maven2/org/testcontainers/junit-jupiter/1.19.8/junit-jupiter-1.19.8-sources.jar
2025-01-18 13:36:14,361 [Worker-9: Download sources and javadoc] INFO  o.e.m.j.internal.DownloadSourcesJob - Downloaded sources for org.testcontainers:junit-jupiter:1.19.8
2025-01-18 13:36:14,448 [Worker-9: Download sources and javadoc] INFO  o.e.m.c.i.e.AbstractTransferListenerAdapter - Downloading https://repo.maven.apache.org/maven2/org/testcontainers/mysql/1.19.8/mysql-1.19.8-sources.jar
2025-01-18 13:36:14,484 [Worker-9: Download sources and javadoc] INFO  o.e.m.c.i.e.AbstractTransferListenerAdapter - Downloaded https://repo.maven.apache.org/maven2/org/testcontainers/mysql/1.19.8/mysql-1.19.8-sources.jar
2025-01-18 13:36:14,487 [Worker-9: Download sources and javadoc] INFO  o.e.m.j.internal.DownloadSourcesJob - Downloaded sources for org.testcontainers:mysql:1.19.8
2025-01-18 13:36:14,578 [Worker-9: Download sources and javadoc] INFO  o.e.m.c.i.e.AbstractTransferListenerAdapter - Downloading https://repo.maven.apache.org/maven2/org/testcontainers/jdbc/1.19.8/jdbc-1.19.8-sources.jar
2025-01-18 13:36:14,607 [Worker-9: Download sources and javadoc] INFO  o.e.m.c.i.e.AbstractTransferListenerAdapter - Downloaded https://repo.maven.apache.org/maven2/org/testcontainers/jdbc/1.19.8/jdbc-1.19.8-sources.jar
2025-01-18 13:36:14,610 [Worker-9: Download sources and javadoc] INFO  o.e.m.j.internal.DownloadSourcesJob - Downloaded sources for org.testcontainers:jdbc:1.19.8
2025-01-18 13:36:14,714 [Worker-9: Download sources and javadoc] INFO  o.e.m.c.i.e.AbstractTransferListenerAdapter - Downloading https://repo.maven.apache.org/maven2/org/testcontainers/database-commons/1.19.8/database-commons-1.19.8-sources.jar
2025-01-18 13:36:14,739 [Worker-9: Download sources and javadoc] INFO  o.e.m.c.i.e.AbstractTransferListenerAdapter - Downloaded https://repo.maven.apache.org/maven2/org/testcontainers/database-commons/1.19.8/database-commons-1.19.8-sources.jar
2025-01-18 13:36:14,744 [Worker-9: Download sources and javadoc] INFO  o.e.m.j.internal.DownloadSourcesJob - Downloaded sources for org.testcontainers:database-commons:1.19.8
2025-01-18 13:36:40,042 [Worker-13: Launching Executing install in D__Springboot_gs-accessing-data-mysql_complete] INFO  o.eclipse.m2e.core.internal.Bundles - getClasspathEntries(Bundle=org.eclipse.m2e.maven.runtime_3.9.700.20240602-2313 [644])
2025-01-18 13:36:40,043 [Worker-13: Launching Executing install in D__Springboot_gs-accessing-data-mysql_complete] INFO  o.eclipse.m2e.core.internal.Bundles - 	Entry: C:\Users\wakeel kumar kushwah\.p2\pool\plugins\org.eclipse.m2e.maven.runtime_3.9.700.20240602-2313
2025-01-18 13:36:40,043 [Worker-13: Launching Executing install in D__Springboot_gs-accessing-data-mysql_complete] INFO  o.eclipse.m2e.core.internal.Bundles - 	Entry: C:\Users\wakeel kumar kushwah\.p2\pool\plugins\org.eclipse.m2e.maven.runtime_3.9.700.20240602-2313\jars\aopalliance-1.0.jar
2025-01-18 13:36:40,043 [Worker-13: Launching Executing install in D__Springboot_gs-accessing-data-mysql_complete] INFO  o.eclipse.m2e.core.internal.Bundles - 	Entry: C:\Users\wakeel kumar kushwah\.p2\pool\plugins\org.eclipse.m2e.maven.runtime_3.9.700.20240602-2313\jars\guice-5.1.0.jar
2025-01-18 13:36:40,044 [Worker-13: Launching Executing install in D__Springboot_gs-accessing-data-mysql_complete] INFO  o.eclipse.m2e.core.internal.Bundles - 	Entry: C:\Users\wakeel kumar kushwah\.p2\pool\plugins\org.eclipse.m2e.maven.runtime_3.9.700.20240602-2313\jars\httpclient-4.5.14.jar
2025-01-18 13:36:40,044 [Worker-13: Launching Executing install in D__Springboot_gs-accessing-data-mysql_complete] INFO  o.eclipse.m2e.core.internal.Bundles - 	Entry: C:\Users\wakeel kumar kushwah\.p2\pool\plugins\org.eclipse.m2e.maven.runtime_3.9.700.20240602-2313\jars\httpcore-4.4.16.jar
2025-01-18 13:36:40,044 [Worker-13: Launching Executing install in D__Springboot_gs-accessing-data-mysql_complete] INFO  o.eclipse.m2e.core.internal.Bundles - 	Entry: C:\Users\wakeel kumar kushwah\.p2\pool\plugins\org.eclipse.m2e.maven.runtime_3.9.700.20240602-2313\jars\jansi-2.4.1.jar
2025-01-18 13:36:40,044 [Worker-13: Launching Executing install in D__Springboot_gs-accessing-data-mysql_complete] INFO  o.eclipse.m2e.core.internal.Bundles - 	Entry: C:\Users\wakeel kumar kushwah\.p2\pool\plugins\org.eclipse.m2e.maven.runtime_3.9.700.20240602-2313\jars\jcl-over-slf4j-1.7.36.jar
2025-01-18 13:36:40,044 [Worker-13: Launching Executing install in D__Springboot_gs-accessing-data-mysql_complete] INFO  o.eclipse.m2e.core.internal.Bundles - 	Entry: C:\Users\wakeel kumar kushwah\.p2\pool\plugins\org.eclipse.m2e.maven.runtime_3.9.700.20240602-2313\jars\maven-artifact-3.9.7.jar
2025-01-18 13:36:40,044 [Worker-13: Launching Executing install in D__Springboot_gs-accessing-data-mysql_complete] INFO  o.eclipse.m2e.core.internal.Bundles - 	Entry: C:\Users\wakeel kumar kushwah\.p2\pool\plugins\org.eclipse.m2e.maven.runtime_3.9.700.20240602-2313\jars\maven-builder-support-3.9.7.jar
2025-01-18 13:36:40,044 [Worker-13: Launching Executing install in D__Springboot_gs-accessing-data-mysql_complete] INFO  o.eclipse.m2e.core.internal.Bundles - 	Entry: C:\Users\wakeel kumar kushwah\.p2\pool\plugins\org.eclipse.m2e.maven.runtime_3.9.700.20240602-2313\jars\maven-compat-3.9.7.jar
2025-01-18 13:36:40,044 [Worker-13: Launching Executing install in D__Springboot_gs-accessing-data-mysql_complete] INFO  o.eclipse.m2e.core.internal.Bundles - 	Entry: C:\Users\wakeel kumar kushwah\.p2\pool\plugins\org.eclipse.m2e.maven.runtime_3.9.700.20240602-2313\jars\maven-core-3.9.7.jar
2025-01-18 13:36:40,044 [Worker-13: Launching Executing install in D__Springboot_gs-accessing-data-mysql_complete] INFO  o.eclipse.m2e.core.internal.Bundles - 	Entry: C:\Users\wakeel kumar kushwah\.p2\pool\plugins\org.eclipse.m2e.maven.runtime_3.9.700.20240602-2313\jars\maven-embedder-3.9.7.jar
2025-01-18 13:36:40,044 [Worker-13: Launching Executing install in D__Springboot_gs-accessing-data-mysql_complete] INFO  o.eclipse.m2e.core.internal.Bundles - 	Entry: C:\Users\wakeel kumar kushwah\.p2\pool\plugins\org.eclipse.m2e.maven.runtime_3.9.700.20240602-2313\jars\maven-model-3.9.7.jar
2025-01-18 13:36:40,044 [Worker-13: Launching Executing install in D__Springboot_gs-accessing-data-mysql_complete] INFO  o.eclipse.m2e.core.internal.Bundles - 	Entry: C:\Users\wakeel kumar kushwah\.p2\pool\plugins\org.eclipse.m2e.maven.runtime_3.9.700.20240602-2313\jars\maven-model-builder-3.9.7.jar
2025-01-18 13:36:40,044 [Worker-13: Launching Executing install in D__Springboot_gs-accessing-data-mysql_complete] INFO  o.eclipse.m2e.core.internal.Bundles - 	Entry: C:\Users\wakeel kumar kushwah\.p2\pool\plugins\org.eclipse.m2e.maven.runtime_3.9.700.20240602-2313\jars\maven-plugin-api-3.9.7.jar
2025-01-18 13:36:40,045 [Worker-13: Launching Executing install in D__Springboot_gs-accessing-data-mysql_complete] INFO  o.eclipse.m2e.core.internal.Bundles - 	Entry: C:\Users\wakeel kumar kushwah\.p2\pool\plugins\org.eclipse.m2e.maven.runtime_3.9.700.20240602-2313\jars\maven-repository-metadata-3.9.7.jar
2025-01-18 13:36:40,045 [Worker-13: Launching Executing install in D__Springboot_gs-accessing-data-mysql_complete] INFO  o.eclipse.m2e.core.internal.Bundles - 	Entry: C:\Users\wakeel kumar kushwah\.p2\pool\plugins\org.eclipse.m2e.maven.runtime_3.9.700.20240602-2313\jars\maven-resolver-api-1.9.20.jar
2025-01-18 13:36:40,045 [Worker-13: Launching Executing install in D__Springboot_gs-accessing-data-mysql_complete] INFO  o.eclipse.m2e.core.internal.Bundles - 	Entry: C:\Users\wakeel kumar kushwah\.p2\pool\plugins\org.eclipse.m2e.maven.runtime_3.9.700.20240602-2313\jars\maven-resolver-connector-basic-1.9.20.jar
2025-01-18 13:36:40,045 [Worker-13: Launching Executing install in D__Springboot_gs-accessing-data-mysql_complete] INFO  o.eclipse.m2e.core.internal.Bundles - 	Entry: C:\Users\wakeel kumar kushwah\.p2\pool\plugins\org.eclipse.m2e.maven.runtime_3.9.700.20240602-2313\jars\maven-resolver-impl-1.9.20.jar
2025-01-18 13:36:40,045 [Worker-13: Launching Executing install in D__Springboot_gs-accessing-data-mysql_complete] INFO  o.eclipse.m2e.core.internal.Bundles - 	Entry: C:\Users\wakeel kumar kushwah\.p2\pool\plugins\org.eclipse.m2e.maven.runtime_3.9.700.20240602-2313\jars\maven-resolver-named-locks-1.9.20.jar
2025-01-18 13:36:40,045 [Worker-13: Launching Executing install in D__Springboot_gs-accessing-data-mysql_complete] INFO  o.eclipse.m2e.core.internal.Bundles - 	Entry: C:\Users\wakeel kumar kushwah\.p2\pool\plugins\org.eclipse.m2e.maven.runtime_3.9.700.20240602-2313\jars\maven-resolver-provider-3.9.7.jar
2025-01-18 13:36:40,045 [Worker-13: Launching Executing install in D__Springboot_gs-accessing-data-mysql_complete] INFO  o.eclipse.m2e.core.internal.Bundles - 	Entry: C:\Users\wakeel kumar kushwah\.p2\pool\plugins\org.eclipse.m2e.maven.runtime_3.9.700.20240602-2313\jars\maven-resolver-spi-1.9.20.jar
2025-01-18 13:36:40,045 [Worker-13: Launching Executing install in D__Springboot_gs-accessing-data-mysql_complete] INFO  o.eclipse.m2e.core.internal.Bundles - 	Entry: C:\Users\wakeel kumar kushwah\.p2\pool\plugins\org.eclipse.m2e.maven.runtime_3.9.700.20240602-2313\jars\maven-resolver-transport-file-1.9.20.jar
2025-01-18 13:36:40,045 [Worker-13: Launching Executing install in D__Springboot_gs-accessing-data-mysql_complete] INFO  o.eclipse.m2e.core.internal.Bundles - 	Entry: C:\Users\wakeel kumar kushwah\.p2\pool\plugins\org.eclipse.m2e.maven.runtime_3.9.700.20240602-2313\jars\maven-resolver-transport-http-1.9.20.jar
2025-01-18 13:36:40,045 [Worker-13: Launching Executing install in D__Springboot_gs-accessing-data-mysql_complete] INFO  o.eclipse.m2e.core.internal.Bundles - 	Entry: C:\Users\wakeel kumar kushwah\.p2\pool\plugins\org.eclipse.m2e.maven.runtime_3.9.700.20240602-2313\jars\maven-resolver-transport-wagon-1.9.20.jar
2025-01-18 13:36:40,045 [Worker-13: Launching Executing install in D__Springboot_gs-accessing-data-mysql_complete] INFO  o.eclipse.m2e.core.internal.Bundles - 	Entry: C:\Users\wakeel kumar kushwah\.p2\pool\plugins\org.eclipse.m2e.maven.runtime_3.9.700.20240602-2313\jars\maven-resolver-util-1.9.20.jar
2025-01-18 13:36:40,046 [Worker-13: Launching Executing install in D__Springboot_gs-accessing-data-mysql_complete] INFO  o.eclipse.m2e.core.internal.Bundles - 	Entry: C:\Users\wakeel kumar kushwah\.p2\pool\plugins\org.eclipse.m2e.maven.runtime_3.9.700.20240602-2313\jars\maven-settings-3.9.7.jar
2025-01-18 13:36:40,046 [Worker-13: Launching Executing install in D__Springboot_gs-accessing-data-mysql_complete] INFO  o.eclipse.m2e.core.internal.Bundles - 	Entry: C:\Users\wakeel kumar kushwah\.p2\pool\plugins\org.eclipse.m2e.maven.runtime_3.9.700.20240602-2313\jars\maven-settings-builder-3.9.7.jar
2025-01-18 13:36:40,046 [Worker-13: Launching Executing install in D__Springboot_gs-accessing-data-mysql_complete] INFO  o.eclipse.m2e.core.internal.Bundles - 	Entry: C:\Users\wakeel kumar kushwah\.p2\pool\plugins\org.eclipse.m2e.maven.runtime_3.9.700.20240602-2313\jars\maven-shared-utils-3.4.2.jar
2025-01-18 13:36:40,046 [Worker-13: Launching Executing install in D__Springboot_gs-accessing-data-mysql_complete] INFO  o.eclipse.m2e.core.internal.Bundles - 	Entry: C:\Users\wakeel kumar kushwah\.p2\pool\plugins\org.eclipse.m2e.maven.runtime_3.9.700.20240602-2313\jars\org.eclipse.sisu.inject-0.9.0.M2.jar
2025-01-18 13:36:40,046 [Worker-13: Launching Executing install in D__Springboot_gs-accessing-data-mysql_complete] INFO  o.eclipse.m2e.core.internal.Bundles - 	Entry: C:\Users\wakeel kumar kushwah\.p2\pool\plugins\org.eclipse.m2e.maven.runtime_3.9.700.20240602-2313\jars\org.eclipse.sisu.plexus-0.9.0.M2.jar
2025-01-18 13:36:40,046 [Worker-13: Launching Executing install in D__Springboot_gs-accessing-data-mysql_complete] INFO  o.eclipse.m2e.core.internal.Bundles - 	Entry: C:\Users\wakeel kumar kushwah\.p2\pool\plugins\org.eclipse.m2e.maven.runtime_3.9.700.20240602-2313\jars\plexus-build-api-0.0.7.jar
2025-01-18 13:36:40,046 [Worker-13: Launching Executing install in D__Springboot_gs-accessing-data-mysql_complete] INFO  o.eclipse.m2e.core.internal.Bundles - 	Entry: C:\Users\wakeel kumar kushwah\.p2\pool\plugins\org.eclipse.m2e.maven.runtime_3.9.700.20240602-2313\jars\plexus-build-api-1.2.0.jar
2025-01-18 13:36:40,046 [Worker-13: Launching Executing install in D__Springboot_gs-accessing-data-mysql_complete] INFO  o.eclipse.m2e.core.internal.Bundles - 	Entry: C:\Users\wakeel kumar kushwah\.p2\pool\plugins\org.eclipse.m2e.maven.runtime_3.9.700.20240602-2313\jars\plexus-cipher-2.0.jar
2025-01-18 13:36:40,046 [Worker-13: Launching Executing install in D__Springboot_gs-accessing-data-mysql_complete] INFO  o.eclipse.m2e.core.internal.Bundles - 	Entry: C:\Users\wakeel kumar kushwah\.p2\pool\plugins\org.eclipse.m2e.maven.runtime_3.9.700.20240602-2313\jars\plexus-classworlds-2.8.0.jar
2025-01-18 13:36:40,046 [Worker-13: Launching Executing install in D__Springboot_gs-accessing-data-mysql_complete] INFO  o.eclipse.m2e.core.internal.Bundles - 	Entry: C:\Users\wakeel kumar kushwah\.p2\pool\plugins\org.eclipse.m2e.maven.runtime_3.9.700.20240602-2313\jars\plexus-component-annotations-2.1.0.jar
2025-01-18 13:36:40,046 [Worker-13: Launching Executing install in D__Springboot_gs-accessing-data-mysql_complete] INFO  o.eclipse.m2e.core.internal.Bundles - 	Entry: C:\Users\wakeel kumar kushwah\.p2\pool\plugins\org.eclipse.m2e.maven.runtime_3.9.700.20240602-2313\jars\plexus-interpolation-1.27.jar
2025-01-18 13:36:40,047 [Worker-13: Launching Executing install in D__Springboot_gs-accessing-data-mysql_complete] INFO  o.eclipse.m2e.core.internal.Bundles - 	Entry: C:\Users\wakeel kumar kushwah\.p2\pool\plugins\org.eclipse.m2e.maven.runtime_3.9.700.20240602-2313\jars\plexus-sec-dispatcher-2.0.jar
2025-01-18 13:36:40,047 [Worker-13: Launching Executing install in D__Springboot_gs-accessing-data-mysql_complete] INFO  o.eclipse.m2e.core.internal.Bundles - 	Entry: C:\Users\wakeel kumar kushwah\.p2\pool\plugins\org.eclipse.m2e.maven.runtime_3.9.700.20240602-2313\jars\plexus-utils-3.5.1.jar
2025-01-18 13:36:40,047 [Worker-13: Launching Executing install in D__Springboot_gs-accessing-data-mysql_complete] INFO  o.eclipse.m2e.core.internal.Bundles - 	Entry: C:\Users\wakeel kumar kushwah\.p2\pool\plugins\org.eclipse.m2e.maven.runtime_3.9.700.20240602-2313\jars\wagon-file-3.5.3.jar
2025-01-18 13:36:40,047 [Worker-13: Launching Executing install in D__Springboot_gs-accessing-data-mysql_complete] INFO  o.eclipse.m2e.core.internal.Bundles - 	Entry: C:\Users\wakeel kumar kushwah\.p2\pool\plugins\org.eclipse.m2e.maven.runtime_3.9.700.20240602-2313\jars\wagon-http-3.5.3.jar
2025-01-18 13:36:40,047 [Worker-13: Launching Executing install in D__Springboot_gs-accessing-data-mysql_complete] INFO  o.eclipse.m2e.core.internal.Bundles - 	Entry: C:\Users\wakeel kumar kushwah\.p2\pool\plugins\org.eclipse.m2e.maven.runtime_3.9.700.20240602-2313\jars\wagon-http-shared-3.5.3.jar
2025-01-18 13:36:40,047 [Worker-13: Launching Executing install in D__Springboot_gs-accessing-data-mysql_complete] INFO  o.eclipse.m2e.core.internal.Bundles - 	Entry: C:\Users\wakeel kumar kushwah\.p2\pool\plugins\org.eclipse.m2e.maven.runtime_3.9.700.20240602-2313\jars\wagon-provider-api-3.5.3.jar
2025-01-18 13:36:40,048 [Worker-13: Launching Executing install in D__Springboot_gs-accessing-data-mysql_complete] INFO  o.eclipse.m2e.core.internal.Bundles - getClasspathEntries(Bundle=com.google.guava_33.3.1.jre [1030])
2025-01-18 13:36:40,048 [Worker-13: Launching Executing install in D__Springboot_gs-accessing-data-mysql_complete] INFO  o.eclipse.m2e.core.internal.Bundles - 	Entry: C:\Users\wakeel kumar kushwah\.p2\pool\plugins\com.google.guava_33.3.1.jre.jar
2025-01-18 13:36:40,049 [Worker-13: Launching Executing install in D__Springboot_gs-accessing-data-mysql_complete] INFO  o.eclipse.m2e.core.internal.Bundles - getClasspathEntries(Bundle=slf4j.api_2.0.16 [1144])
2025-01-18 13:36:40,049 [Worker-13: Launching Executing install in D__Springboot_gs-accessing-data-mysql_complete] INFO  o.eclipse.m2e.core.internal.Bundles - 	Entry: C:\Users\wakeel kumar kushwah\.p2\pool\plugins\slf4j.api_2.0.16.jar
2025-01-18 13:36:40,049 [Worker-13: Launching Executing install in D__Springboot_gs-accessing-data-mysql_complete] INFO  o.eclipse.m2e.core.internal.Bundles - getClasspathEntries(Bundle=jakarta.inject.jakarta.inject-api_1.0.5 [33])
2025-01-18 13:36:40,049 [Worker-13: Launching Executing install in D__Springboot_gs-accessing-data-mysql_complete] INFO  o.eclipse.m2e.core.internal.Bundles - 	Entry: C:\Users\wakeel kumar kushwah\.p2\pool\plugins\jakarta.inject.jakarta.inject-api_1.0.5.jar
2025-01-18 13:36:40,049 [Worker-13: Launching Executing install in D__Springboot_gs-accessing-data-mysql_complete] INFO  o.eclipse.m2e.core.internal.Bundles - getClasspathEntries(Bundle=javax.annotation_1.3.5.v20200909-1856 [44])
2025-01-18 13:36:40,050 [Worker-13: Launching Executing install in D__Springboot_gs-accessing-data-mysql_complete] INFO  o.eclipse.m2e.core.internal.Bundles - 	Entry: C:\Users\wakeel kumar kushwah\.p2\pool\plugins\javax.annotation_1.3.5.v20200909-1856.jar
2025-01-18 13:36:40,050 [Worker-13: Launching Executing install in D__Springboot_gs-accessing-data-mysql_complete] INFO  o.eclipse.m2e.core.internal.Bundles - getClasspathEntries(Bundle=org.apache.commons.cli_1.9.0 [1043])
2025-01-18 13:36:40,050 [Worker-13: Launching Executing install in D__Springboot_gs-accessing-data-mysql_complete] INFO  o.eclipse.m2e.core.internal.Bundles - 	Entry: C:\Users\wakeel kumar kushwah\.p2\pool\plugins\org.apache.commons.cli_1.9.0.jar
2025-01-18 13:36:40,050 [Worker-13: Launching Executing install in D__Springboot_gs-accessing-data-mysql_complete] INFO  o.eclipse.m2e.core.internal.Bundles - getClasspathEntries(Bundle=org.apache.commons.commons-codec_1.16.0 [81])
2025-01-18 13:36:40,050 [Worker-13: Launching Executing install in D__Springboot_gs-accessing-data-mysql_complete] INFO  o.eclipse.m2e.core.internal.Bundles - 	Entry: C:\Users\wakeel kumar kushwah\.p2\pool\plugins\org.apache.commons.commons-codec_1.16.0.jar
2025-01-18 13:36:40,050 [Worker-13: Launching Executing install in D__Springboot_gs-accessing-data-mysql_complete] INFO  o.eclipse.m2e.core.internal.Bundles - getClasspathEntries(Bundle=org.apache.commons.lang3_3.17.0 [1046])
2025-01-18 13:36:40,051 [Worker-13: Launching Executing install in D__Springboot_gs-accessing-data-mysql_complete] INFO  o.eclipse.m2e.core.internal.Bundles - 	Entry: C:\Users\wakeel kumar kushwah\.p2\pool\plugins\org.apache.commons.lang3_3.17.0.jar
2025-01-18 13:36:40,051 [Worker-13: Launching Executing install in D__Springboot_gs-accessing-data-mysql_complete] INFO  o.eclipse.m2e.core.internal.Bundles - getClasspathEntries(Bundle=com.google.guava.failureaccess_1.0.2 [17])
2025-01-18 13:36:40,051 [Worker-13: Launching Executing install in D__Springboot_gs-accessing-data-mysql_complete] INFO  o.eclipse.m2e.core.internal.Bundles - 	Entry: C:\Users\wakeel kumar kushwah\.p2\pool\plugins\com.google.guava.failureaccess_1.0.2.jar
2025-01-18 13:36:40,053 [Worker-13: Launching Executing install in D__Springboot_gs-accessing-data-mysql_complete] INFO  o.e.m.i.launch.MavenLaunchDelegate - Run build in "D:\Springboot\gs-accessing-data-mysql\complete":
2025-01-18 13:36:40,053 [Worker-13: Launching Executing install in D__Springboot_gs-accessing-data-mysql_complete] INFO  o.e.m.i.launch.MavenLaunchDelegate -  mvn  -B -Dstyle.color=always install
2025-01-18 13:36:50,731 [Worker-6: Building] INFO  o.a.m.s.f.DefaultMavenResourcesFiltering - Copying 1 resource from src\main\resources to target\classes
2025-01-18 13:36:50,734 [Worker-6: Building] INFO  o.a.m.s.f.DefaultMavenResourcesFiltering - Copying 0 resource from src\main\resources to target\classes
2025-01-18 13:36:50,741 [Worker-6: Building] INFO  o.a.m.s.f.DefaultMavenResourcesFiltering - skip non existing resourceDirectory D:\Springboot\gs-accessing-data-mysql\complete\src\test\resources
2025-01-18 13:37:15,383 [Worker-21: Building] INFO  o.a.m.s.f.DefaultMavenResourcesFiltering - Copying 1 resource from src\main\resources to target\classes
2025-01-18 13:37:15,409 [Worker-21: Building] INFO  o.a.m.s.f.DefaultMavenResourcesFiltering - Copying 0 resource from src\main\resources to target\classes
2025-01-18 13:37:15,413 [Worker-21: Building] INFO  o.a.m.s.f.DefaultMavenResourcesFiltering - skip non existing resourceDirectory D:\Springboot\gs-accessing-data-mysql\complete\src\test\resources
2025-01-18 13:37:26,755 [Worker-24: Launching Executing install in D__Springboot_gs-accessing-data-mysql_complete] INFO  o.eclipse.m2e.core.internal.Bundles - getClasspathEntries(Bundle=org.eclipse.m2e.maven.runtime_3.9.700.20240602-2313 [644])
2025-01-18 13:37:26,757 [Worker-24: Launching Executing install in D__Springboot_gs-accessing-data-mysql_complete] INFO  o.eclipse.m2e.core.internal.Bundles - 	Entry: C:\Users\wakeel kumar kushwah\.p2\pool\plugins\org.eclipse.m2e.maven.runtime_3.9.700.20240602-2313
2025-01-18 13:37:26,757 [Worker-24: Launching Executing install in D__Springboot_gs-accessing-data-mysql_complete] INFO  o.eclipse.m2e.core.internal.Bundles - 	Entry: C:\Users\wakeel kumar kushwah\.p2\pool\plugins\org.eclipse.m2e.maven.runtime_3.9.700.20240602-2313\jars\aopalliance-1.0.jar
2025-01-18 13:37:26,757 [Worker-24: Launching Executing install in D__Springboot_gs-accessing-data-mysql_complete] INFO  o.eclipse.m2e.core.internal.Bundles - 	Entry: C:\Users\wakeel kumar kushwah\.p2\pool\plugins\org.eclipse.m2e.maven.runtime_3.9.700.20240602-2313\jars\guice-5.1.0.jar
2025-01-18 13:37:26,757 [Worker-24: Launching Executing install in D__Springboot_gs-accessing-data-mysql_complete] INFO  o.eclipse.m2e.core.internal.Bundles - 	Entry: C:\Users\wakeel kumar kushwah\.p2\pool\plugins\org.eclipse.m2e.maven.runtime_3.9.700.20240602-2313\jars\httpclient-4.5.14.jar
2025-01-18 13:37:26,758 [Worker-24: Launching Executing install in D__Springboot_gs-accessing-data-mysql_complete] INFO  o.eclipse.m2e.core.internal.Bundles - 	Entry: C:\Users\wakeel kumar kushwah\.p2\pool\plugins\org.eclipse.m2e.maven.runtime_3.9.700.20240602-2313\jars\httpcore-4.4.16.jar
2025-01-18 13:37:26,758 [Worker-24: Launching Executing install in D__Springboot_gs-accessing-data-mysql_complete] INFO  o.eclipse.m2e.core.internal.Bundles - 	Entry: C:\Users\wakeel kumar kushwah\.p2\pool\plugins\org.eclipse.m2e.maven.runtime_3.9.700.20240602-2313\jars\jansi-2.4.1.jar
2025-01-18 13:37:26,758 [Worker-24: Launching Executing install in D__Springboot_gs-accessing-data-mysql_complete] INFO  o.eclipse.m2e.core.internal.Bundles - 	Entry: C:\Users\wakeel kumar kushwah\.p2\pool\plugins\org.eclipse.m2e.maven.runtime_3.9.700.20240602-2313\jars\jcl-over-slf4j-1.7.36.jar
2025-01-18 13:37:26,758 [Worker-24: Launching Executing install in D__Springboot_gs-accessing-data-mysql_complete] INFO  o.eclipse.m2e.core.internal.Bundles - 	Entry: C:\Users\wakeel kumar kushwah\.p2\pool\plugins\org.eclipse.m2e.maven.runtime_3.9.700.20240602-2313\jars\maven-artifact-3.9.7.jar
2025-01-18 13:37:26,759 [Worker-24: Launching Executing install in D__Springboot_gs-accessing-data-mysql_complete] INFO  o.eclipse.m2e.core.internal.Bundles - 	Entry: C:\Users\wakeel kumar kushwah\.p2\pool\plugins\org.eclipse.m2e.maven.runtime_3.9.700.20240602-2313\jars\maven-builder-support-3.9.7.jar
2025-01-18 13:37:26,759 [Worker-24: Launching Executing install in D__Springboot_gs-accessing-data-mysql_complete] INFO  o.eclipse.m2e.core.internal.Bundles - 	Entry: C:\Users\wakeel kumar kushwah\.p2\pool\plugins\org.eclipse.m2e.maven.runtime_3.9.700.20240602-2313\jars\maven-compat-3.9.7.jar
2025-01-18 13:37:26,759 [Worker-24: Launching Executing install in D__Springboot_gs-accessing-data-mysql_complete] INFO  o.eclipse.m2e.core.internal.Bundles - 	Entry: C:\Users\wakeel kumar kushwah\.p2\pool\plugins\org.eclipse.m2e.maven.runtime_3.9.700.20240602-2313\jars\maven-core-3.9.7.jar
2025-01-18 13:37:26,760 [Worker-24: Launching Executing install in D__Springboot_gs-accessing-data-mysql_complete] INFO  o.eclipse.m2e.core.internal.Bundles - 	Entry: C:\Users\wakeel kumar kushwah\.p2\pool\plugins\org.eclipse.m2e.maven.runtime_3.9.700.20240602-2313\jars\maven-embedder-3.9.7.jar
2025-01-18 13:37:26,760 [Worker-24: Launching Executing install in D__Springboot_gs-accessing-data-mysql_complete] INFO  o.eclipse.m2e.core.internal.Bundles - 	Entry: C:\Users\wakeel kumar kushwah\.p2\pool\plugins\org.eclipse.m2e.maven.runtime_3.9.700.20240602-2313\jars\maven-model-3.9.7.jar
2025-01-18 13:37:26,760 [Worker-24: Launching Executing install in D__Springboot_gs-accessing-data-mysql_complete] INFO  o.eclipse.m2e.core.internal.Bundles - 	Entry: C:\Users\wakeel kumar kushwah\.p2\pool\plugins\org.eclipse.m2e.maven.runtime_3.9.700.20240602-2313\jars\maven-model-builder-3.9.7.jar
2025-01-18 13:37:26,761 [Worker-24: Launching Executing install in D__Springboot_gs-accessing-data-mysql_complete] INFO  o.eclipse.m2e.core.internal.Bundles - 	Entry: C:\Users\wakeel kumar kushwah\.p2\pool\plugins\org.eclipse.m2e.maven.runtime_3.9.700.20240602-2313\jars\maven-plugin-api-3.9.7.jar
2025-01-18 13:37:26,761 [Worker-24: Launching Executing install in D__Springboot_gs-accessing-data-mysql_complete] INFO  o.eclipse.m2e.core.internal.Bundles - 	Entry: C:\Users\wakeel kumar kushwah\.p2\pool\plugins\org.eclipse.m2e.maven.runtime_3.9.700.20240602-2313\jars\maven-repository-metadata-3.9.7.jar
2025-01-18 13:37:26,761 [Worker-24: Launching Executing install in D__Springboot_gs-accessing-data-mysql_complete] INFO  o.eclipse.m2e.core.internal.Bundles - 	Entry: C:\Users\wakeel kumar kushwah\.p2\pool\plugins\org.eclipse.m2e.maven.runtime_3.9.700.20240602-2313\jars\maven-resolver-api-1.9.20.jar
2025-01-18 13:37:26,761 [Worker-24: Launching Executing install in D__Springboot_gs-accessing-data-mysql_complete] INFO  o.eclipse.m2e.core.internal.Bundles - 	Entry: C:\Users\wakeel kumar kushwah\.p2\pool\plugins\org.eclipse.m2e.maven.runtime_3.9.700.20240602-2313\jars\maven-resolver-connector-basic-1.9.20.jar
2025-01-18 13:37:26,761 [Worker-24: Launching Executing install in D__Springboot_gs-accessing-data-mysql_complete] INFO  o.eclipse.m2e.core.internal.Bundles - 	Entry: C:\Users\wakeel kumar kushwah\.p2\pool\plugins\org.eclipse.m2e.maven.runtime_3.9.700.20240602-2313\jars\maven-resolver-impl-1.9.20.jar
2025-01-18 13:37:26,762 [Worker-24: Launching Executing install in D__Springboot_gs-accessing-data-mysql_complete] INFO  o.eclipse.m2e.core.internal.Bundles - 	Entry: C:\Users\wakeel kumar kushwah\.p2\pool\plugins\org.eclipse.m2e.maven.runtime_3.9.700.20240602-2313\jars\maven-resolver-named-locks-1.9.20.jar
2025-01-18 13:37:26,762 [Worker-24: Launching Executing install in D__Springboot_gs-accessing-data-mysql_complete] INFO  o.eclipse.m2e.core.internal.Bundles - 	Entry: C:\Users\wakeel kumar kushwah\.p2\pool\plugins\org.eclipse.m2e.maven.runtime_3.9.700.20240602-2313\jars\maven-resolver-provider-3.9.7.jar
2025-01-18 13:37:26,762 [Worker-24: Launching Executing install in D__Springboot_gs-accessing-data-mysql_complete] INFO  o.eclipse.m2e.core.internal.Bundles - 	Entry: C:\Users\wakeel kumar kushwah\.p2\pool\plugins\org.eclipse.m2e.maven.runtime_3.9.700.20240602-2313\jars\maven-resolver-spi-1.9.20.jar
2025-01-18 13:37:26,762 [Worker-24: Launching Executing install in D__Springboot_gs-accessing-data-mysql_complete] INFO  o.eclipse.m2e.core.internal.Bundles - 	Entry: C:\Users\wakeel kumar kushwah\.p2\pool\plugins\org.eclipse.m2e.maven.runtime_3.9.700.20240602-2313\jars\maven-resolver-transport-file-1.9.20.jar
2025-01-18 13:37:26,762 [Worker-24: Launching Executing install in D__Springboot_gs-accessing-data-mysql_complete] INFO  o.eclipse.m2e.core.internal.Bundles - 	Entry: C:\Users\wakeel kumar kushwah\.p2\pool\plugins\org.eclipse.m2e.maven.runtime_3.9.700.20240602-2313\jars\maven-resolver-transport-http-1.9.20.jar
2025-01-18 13:37:26,762 [Worker-24: Launching Executing install in D__Springboot_gs-accessing-data-mysql_complete] INFO  o.eclipse.m2e.core.internal.Bundles - 	Entry: C:\Users\wakeel kumar kushwah\.p2\pool\plugins\org.eclipse.m2e.maven.runtime_3.9.700.20240602-2313\jars\maven-resolver-transport-wagon-1.9.20.jar
2025-01-18 13:37:26,762 [Worker-24: Launching Executing install in D__Springboot_gs-accessing-data-mysql_complete] INFO  o.eclipse.m2e.core.internal.Bundles - 	Entry: C:\Users\wakeel kumar kushwah\.p2\pool\plugins\org.eclipse.m2e.maven.runtime_3.9.700.20240602-2313\jars\maven-resolver-util-1.9.20.jar
2025-01-18 13:37:26,762 [Worker-24: Launching Executing install in D__Springboot_gs-accessing-data-mysql_complete] INFO  o.eclipse.m2e.core.internal.Bundles - 	Entry: C:\Users\wakeel kumar kushwah\.p2\pool\plugins\org.eclipse.m2e.maven.runtime_3.9.700.20240602-2313\jars\maven-settings-3.9.7.jar
2025-01-18 13:37:26,762 [Worker-24: Launching Executing install in D__Springboot_gs-accessing-data-mysql_complete] INFO  o.eclipse.m2e.core.internal.Bundles - 	Entry: C:\Users\wakeel kumar kushwah\.p2\pool\plugins\org.eclipse.m2e.maven.runtime_3.9.700.20240602-2313\jars\maven-settings-builder-3.9.7.jar
2025-01-18 13:37:26,762 [Worker-24: Launching Executing install in D__Springboot_gs-accessing-data-mysql_complete] INFO  o.eclipse.m2e.core.internal.Bundles - 	Entry: C:\Users\wakeel kumar kushwah\.p2\pool\plugins\org.eclipse.m2e.maven.runtime_3.9.700.20240602-2313\jars\maven-shared-utils-3.4.2.jar
2025-01-18 13:37:26,762 [Worker-24: Launching Executing install in D__Springboot_gs-accessing-data-mysql_complete] INFO  o.eclipse.m2e.core.internal.Bundles - 	Entry: C:\Users\wakeel kumar kushwah\.p2\pool\plugins\org.eclipse.m2e.maven.runtime_3.9.700.20240602-2313\jars\org.eclipse.sisu.inject-0.9.0.M2.jar
2025-01-18 13:37:26,763 [Worker-24: Launching Executing install in D__Springboot_gs-accessing-data-mysql_complete] INFO  o.eclipse.m2e.core.internal.Bundles - 	Entry: C:\Users\wakeel kumar kushwah\.p2\pool\plugins\org.eclipse.m2e.maven.runtime_3.9.700.20240602-2313\jars\org.eclipse.sisu.plexus-0.9.0.M2.jar
2025-01-18 13:37:26,763 [Worker-24: Launching Executing install in D__Springboot_gs-accessing-data-mysql_complete] INFO  o.eclipse.m2e.core.internal.Bundles - 	Entry: C:\Users\wakeel kumar kushwah\.p2\pool\plugins\org.eclipse.m2e.maven.runtime_3.9.700.20240602-2313\jars\plexus-build-api-0.0.7.jar
2025-01-18 13:37:26,763 [Worker-24: Launching Executing install in D__Springboot_gs-accessing-data-mysql_complete] INFO  o.eclipse.m2e.core.internal.Bundles - 	Entry: C:\Users\wakeel kumar kushwah\.p2\pool\plugins\org.eclipse.m2e.maven.runtime_3.9.700.20240602-2313\jars\plexus-build-api-1.2.0.jar
2025-01-18 13:37:26,763 [Worker-24: Launching Executing install in D__Springboot_gs-accessing-data-mysql_complete] INFO  o.eclipse.m2e.core.internal.Bundles - 	Entry: C:\Users\wakeel kumar kushwah\.p2\pool\plugins\org.eclipse.m2e.maven.runtime_3.9.700.20240602-2313\jars\plexus-cipher-2.0.jar
2025-01-18 13:37:26,763 [Worker-24: Launching Executing install in D__Springboot_gs-accessing-data-mysql_complete] INFO  o.eclipse.m2e.core.internal.Bundles - 	Entry: C:\Users\wakeel kumar kushwah\.p2\pool\plugins\org.eclipse.m2e.maven.runtime_3.9.700.20240602-2313\jars\plexus-classworlds-2.8.0.jar
2025-01-18 13:37:26,763 [Worker-24: Launching Executing install in D__Springboot_gs-accessing-data-mysql_complete] INFO  o.eclipse.m2e.core.internal.Bundles - 	Entry: C:\Users\wakeel kumar kushwah\.p2\pool\plugins\org.eclipse.m2e.maven.runtime_3.9.700.20240602-2313\jars\plexus-component-annotations-2.1.0.jar
2025-01-18 13:37:26,763 [Worker-24: Launching Executing install in D__Springboot_gs-accessing-data-mysql_complete] INFO  o.eclipse.m2e.core.internal.Bundles - 	Entry: C:\Users\wakeel kumar kushwah\.p2\pool\plugins\org.eclipse.m2e.maven.runtime_3.9.700.20240602-2313\jars\plexus-interpolation-1.27.jar
2025-01-18 13:37:26,763 [Worker-24: Launching Executing install in D__Springboot_gs-accessing-data-mysql_complete] INFO  o.eclipse.m2e.core.internal.Bundles - 	Entry: C:\Users\wakeel kumar kushwah\.p2\pool\plugins\org.eclipse.m2e.maven.runtime_3.9.700.20240602-2313\jars\plexus-sec-dispatcher-2.0.jar
2025-01-18 13:37:26,763 [Worker-24: Launching Executing install in D__Springboot_gs-accessing-data-mysql_complete] INFO  o.eclipse.m2e.core.internal.Bundles - 	Entry: C:\Users\wakeel kumar kushwah\.p2\pool\plugins\org.eclipse.m2e.maven.runtime_3.9.700.20240602-2313\jars\plexus-utils-3.5.1.jar
2025-01-18 13:37:26,763 [Worker-24: Launching Executing install in D__Springboot_gs-accessing-data-mysql_complete] INFO  o.eclipse.m2e.core.internal.Bundles - 	Entry: C:\Users\wakeel kumar kushwah\.p2\pool\plugins\org.eclipse.m2e.maven.runtime_3.9.700.20240602-2313\jars\wagon-file-3.5.3.jar
2025-01-18 13:37:26,763 [Worker-24: Launching Executing install in D__Springboot_gs-accessing-data-mysql_complete] INFO  o.eclipse.m2e.core.internal.Bundles - 	Entry: C:\Users\wakeel kumar kushwah\.p2\pool\plugins\org.eclipse.m2e.maven.runtime_3.9.700.20240602-2313\jars\wagon-http-3.5.3.jar
2025-01-18 13:37:26,763 [Worker-24: Launching Executing install in D__Springboot_gs-accessing-data-mysql_complete] INFO  o.eclipse.m2e.core.internal.Bundles - 	Entry: C:\Users\wakeel kumar kushwah\.p2\pool\plugins\org.eclipse.m2e.maven.runtime_3.9.700.20240602-2313\jars\wagon-http-shared-3.5.3.jar
2025-01-18 13:37:26,764 [Worker-24: Launching Executing install in D__Springboot_gs-accessing-data-mysql_complete] INFO  o.eclipse.m2e.core.internal.Bundles - 	Entry: C:\Users\wakeel kumar kushwah\.p2\pool\plugins\org.eclipse.m2e.maven.runtime_3.9.700.20240602-2313\jars\wagon-provider-api-3.5.3.jar
2025-01-18 13:37:26,764 [Worker-24: Launching Executing install in D__Springboot_gs-accessing-data-mysql_complete] INFO  o.eclipse.m2e.core.internal.Bundles - getClasspathEntries(Bundle=com.google.guava_33.3.1.jre [1030])
2025-01-18 13:37:26,764 [Worker-24: Launching Executing install in D__Springboot_gs-accessing-data-mysql_complete] INFO  o.eclipse.m2e.core.internal.Bundles - 	Entry: C:\Users\wakeel kumar kushwah\.p2\pool\plugins\com.google.guava_33.3.1.jre.jar
2025-01-18 13:37:26,764 [Worker-24: Launching Executing install in D__Springboot_gs-accessing-data-mysql_complete] INFO  o.eclipse.m2e.core.internal.Bundles - getClasspathEntries(Bundle=slf4j.api_2.0.16 [1144])
2025-01-18 13:37:26,765 [Worker-24: Launching Executing install in D__Springboot_gs-accessing-data-mysql_complete] INFO  o.eclipse.m2e.core.internal.Bundles - 	Entry: C:\Users\wakeel kumar kushwah\.p2\pool\plugins\slf4j.api_2.0.16.jar
2025-01-18 13:37:26,765 [Worker-24: Launching Executing install in D__Springboot_gs-accessing-data-mysql_complete] INFO  o.eclipse.m2e.core.internal.Bundles - getClasspathEntries(Bundle=jakarta.inject.jakarta.inject-api_1.0.5 [33])
2025-01-18 13:37:26,765 [Worker-24: Launching Executing install in D__Springboot_gs-accessing-data-mysql_complete] INFO  o.eclipse.m2e.core.internal.Bundles - 	Entry: C:\Users\wakeel kumar kushwah\.p2\pool\plugins\jakarta.inject.jakarta.inject-api_1.0.5.jar
2025-01-18 13:37:26,765 [Worker-24: Launching Executing install in D__Springboot_gs-accessing-data-mysql_complete] INFO  o.eclipse.m2e.core.internal.Bundles - getClasspathEntries(Bundle=javax.annotation_1.3.5.v20200909-1856 [44])
2025-01-18 13:37:26,765 [Worker-24: Launching Executing install in D__Springboot_gs-accessing-data-mysql_complete] INFO  o.eclipse.m2e.core.internal.Bundles - 	Entry: C:\Users\wakeel kumar kushwah\.p2\pool\plugins\javax.annotation_1.3.5.v20200909-1856.jar
2025-01-18 13:37:26,765 [Worker-24: Launching Executing install in D__Springboot_gs-accessing-data-mysql_complete] INFO  o.eclipse.m2e.core.internal.Bundles - getClasspathEntries(Bundle=org.apache.commons.cli_1.9.0 [1043])
2025-01-18 13:37:26,765 [Worker-24: Launching Executing install in D__Springboot_gs-accessing-data-mysql_complete] INFO  o.eclipse.m2e.core.internal.Bundles - 	Entry: C:\Users\wakeel kumar kushwah\.p2\pool\plugins\org.apache.commons.cli_1.9.0.jar
2025-01-18 13:37:26,765 [Worker-24: Launching Executing install in D__Springboot_gs-accessing-data-mysql_complete] INFO  o.eclipse.m2e.core.internal.Bundles - getClasspathEntries(Bundle=org.apache.commons.commons-codec_1.16.0 [81])
2025-01-18 13:37:26,765 [Worker-24: Launching Executing install in D__Springboot_gs-accessing-data-mysql_complete] INFO  o.eclipse.m2e.core.internal.Bundles - 	Entry: C:\Users\wakeel kumar kushwah\.p2\pool\plugins\org.apache.commons.commons-codec_1.16.0.jar
2025-01-18 13:37:26,765 [Worker-24: Launching Executing install in D__Springboot_gs-accessing-data-mysql_complete] INFO  o.eclipse.m2e.core.internal.Bundles - getClasspathEntries(Bundle=org.apache.commons.lang3_3.17.0 [1046])
2025-01-18 13:37:26,766 [Worker-24: Launching Executing install in D__Springboot_gs-accessing-data-mysql_complete] INFO  o.eclipse.m2e.core.internal.Bundles - 	Entry: C:\Users\wakeel kumar kushwah\.p2\pool\plugins\org.apache.commons.lang3_3.17.0.jar
2025-01-18 13:37:26,766 [Worker-24: Launching Executing install in D__Springboot_gs-accessing-data-mysql_complete] INFO  o.eclipse.m2e.core.internal.Bundles - getClasspathEntries(Bundle=com.google.guava.failureaccess_1.0.2 [17])
2025-01-18 13:37:26,766 [Worker-24: Launching Executing install in D__Springboot_gs-accessing-data-mysql_complete] INFO  o.eclipse.m2e.core.internal.Bundles - 	Entry: C:\Users\wakeel kumar kushwah\.p2\pool\plugins\com.google.guava.failureaccess_1.0.2.jar
2025-01-18 13:37:26,768 [Worker-24: Launching Executing install in D__Springboot_gs-accessing-data-mysql_complete] INFO  o.e.m.i.launch.MavenLaunchDelegate - Run build in "D:\Springboot\gs-accessing-data-mysql\complete":
2025-01-18 13:37:26,768 [Worker-24: Launching Executing install in D__Springboot_gs-accessing-data-mysql_complete] INFO  o.e.m.i.launch.MavenLaunchDelegate -  mvn  -B -Dstyle.color=always install
2025-01-18 13:37:42,313 [Worker-6: Updating Maven Project] INFO  o.e.m.c.i.p.ProjectConfigurationManager - Update started
2025-01-18 13:37:42,714 [Worker-6: Updating Maven Project] INFO  o.e.m.c.i.l.LifecycleMappingFactory - Using org.eclipse.m2e.jdt.JarLifecycleMapping lifecycle mapping for MavenProject: com.example:accessing-data-mysql-complete:0.0.1-SNAPSHOT @ D:\Springboot\gs-accessing-data-mysql\complete\pom.xml.
2025-01-18 13:37:43,288 [Worker-6: Updating Maven Project] INFO  o.e.m.j.i.AbstractJavaProjectConfigurator - Adding source folder /complete/src/main/java
2025-01-18 13:37:43,289 [Worker-6: Updating Maven Project] INFO  o.e.m.j.i.AbstractJavaProjectConfigurator - Adding resource folder /complete/src/main/resources
2025-01-18 13:37:43,289 [Worker-6: Updating Maven Project] INFO  o.e.m.j.i.AbstractJavaProjectConfigurator - Adding resource folder /complete/src/main/resources
2025-01-18 13:37:43,290 [Worker-6: Updating Maven Project] INFO  o.e.m.j.i.AbstractJavaProjectConfigurator - Adding source folder /complete/src/test/java
2025-01-18 13:37:43,290 [Worker-6: Updating Maven Project] INFO  o.e.m.j.i.AbstractJavaProjectConfigurator - Adding resource folder /complete/src/test/resources
2025-01-18 13:37:43,563 [Worker-6: Updating Maven Project] INFO  o.e.m.c.i.p.ProjectConfigurationManager - Update completed for 1 poms: local refresh takes 0.00 sec, refresh facades takes 0.00 sec, update config takes 0.00 sec 
2025-01-18 13:37:43,875 [Worker-9: Building] INFO  o.a.m.s.f.DefaultMavenResourcesFiltering - Copying 1 resource from src\main\resources to target\classes
2025-01-18 13:37:43,891 [Worker-9: Building] INFO  o.a.m.s.f.DefaultMavenResourcesFiltering - Copying 0 resource from src\main\resources to target\classes
2025-01-18 13:37:43,895 [Worker-9: Building] INFO  o.a.m.s.f.DefaultMavenResourcesFiltering - skip non existing resourceDirectory D:\Springboot\gs-accessing-data-mysql\complete\src\test\resources
2025-01-18 13:38:42,522 [Worker-6: Building] INFO  o.e.m.c.i.l.LifecycleMappingFactory - Using org.eclipse.m2e.jdt.JarLifecycleMapping lifecycle mapping for MavenProject: com.example:accessing-data-mysql-complete:0.0.1-SNAPSHOT @ D:\Springboot\gs-accessing-data-mysql\complete\pom.xml.
2025-01-18 13:38:43,292 [Worker-6: Building] INFO  o.a.m.s.f.DefaultMavenResourcesFiltering - Copying 0 resource from src\main\resources to target\classes
2025-01-18 13:38:43,293 [Worker-6: Building] INFO  o.a.m.s.f.DefaultMavenResourcesFiltering - Copying 0 resource from src\main\resources to target\classes
2025-01-18 13:38:43,297 [Worker-6: Building] INFO  o.a.m.s.f.DefaultMavenResourcesFiltering - skip non existing resourceDirectory D:\Springboot\gs-accessing-data-mysql\complete\src\test\resources
2025-01-18 13:38:44,474 [Worker-7: Building] INFO  o.a.m.s.f.DefaultMavenResourcesFiltering - Copying 1 resource from src\main\resources to target\classes
2025-01-18 13:38:44,497 [Worker-7: Building] INFO  o.a.m.s.f.DefaultMavenResourcesFiltering - Copying 0 resource from src\main\resources to target\classes
2025-01-18 13:38:44,506 [Worker-7: Building] INFO  o.a.m.s.f.DefaultMavenResourcesFiltering - skip non existing resourceDirectory D:\Springboot\gs-accessing-data-mysql\complete\src\test\resources
2025-01-18 13:38:57,956 [Worker-7: Launching Executing install in D__Springboot_gs-accessing-data-mysql_complete] INFO  o.eclipse.m2e.core.internal.Bundles - getClasspathEntries(Bundle=org.eclipse.m2e.maven.runtime_3.9.700.20240602-2313 [644])
2025-01-18 13:38:57,957 [Worker-7: Launching Executing install in D__Springboot_gs-accessing-data-mysql_complete] INFO  o.eclipse.m2e.core.internal.Bundles - 	Entry: C:\Users\wakeel kumar kushwah\.p2\pool\plugins\org.eclipse.m2e.maven.runtime_3.9.700.20240602-2313
2025-01-18 13:38:57,957 [Worker-7: Launching Executing install in D__Springboot_gs-accessing-data-mysql_complete] INFO  o.eclipse.m2e.core.internal.Bundles - 	Entry: C:\Users\wakeel kumar kushwah\.p2\pool\plugins\org.eclipse.m2e.maven.runtime_3.9.700.20240602-2313\jars\aopalliance-1.0.jar
2025-01-18 13:38:57,957 [Worker-7: Launching Executing install in D__Springboot_gs-accessing-data-mysql_complete] INFO  o.eclipse.m2e.core.internal.Bundles - 	Entry: C:\Users\wakeel kumar kushwah\.p2\pool\plugins\org.eclipse.m2e.maven.runtime_3.9.700.20240602-2313\jars\guice-5.1.0.jar
2025-01-18 13:38:57,957 [Worker-7: Launching Executing install in D__Springboot_gs-accessing-data-mysql_complete] INFO  o.eclipse.m2e.core.internal.Bundles - 	Entry: C:\Users\wakeel kumar kushwah\.p2\pool\plugins\org.eclipse.m2e.maven.runtime_3.9.700.20240602-2313\jars\httpclient-4.5.14.jar
2025-01-18 13:38:57,958 [Worker-7: Launching Executing install in D__Springboot_gs-accessing-data-mysql_complete] INFO  o.eclipse.m2e.core.internal.Bundles - 	Entry: C:\Users\wakeel kumar kushwah\.p2\pool\plugins\org.eclipse.m2e.maven.runtime_3.9.700.20240602-2313\jars\httpcore-4.4.16.jar
2025-01-18 13:38:57,958 [Worker-7: Launching Executing install in D__Springboot_gs-accessing-data-mysql_complete] INFO  o.eclipse.m2e.core.internal.Bundles - 	Entry: C:\Users\wakeel kumar kushwah\.p2\pool\plugins\org.eclipse.m2e.maven.runtime_3.9.700.20240602-2313\jars\jansi-2.4.1.jar
2025-01-18 13:38:57,958 [Worker-7: Launching Executing install in D__Springboot_gs-accessing-data-mysql_complete] INFO  o.eclipse.m2e.core.internal.Bundles - 	Entry: C:\Users\wakeel kumar kushwah\.p2\pool\plugins\org.eclipse.m2e.maven.runtime_3.9.700.20240602-2313\jars\jcl-over-slf4j-1.7.36.jar
2025-01-18 13:38:57,958 [Worker-7: Launching Executing install in D__Springboot_gs-accessing-data-mysql_complete] INFO  o.eclipse.m2e.core.internal.Bundles - 	Entry: C:\Users\wakeel kumar kushwah\.p2\pool\plugins\org.eclipse.m2e.maven.runtime_3.9.700.20240602-2313\jars\maven-artifact-3.9.7.jar
2025-01-18 13:38:57,958 [Worker-7: Launching Executing install in D__Springboot_gs-accessing-data-mysql_complete] INFO  o.eclipse.m2e.core.internal.Bundles - 	Entry: C:\Users\wakeel kumar kushwah\.p2\pool\plugins\org.eclipse.m2e.maven.runtime_3.9.700.20240602-2313\jars\maven-builder-support-3.9.7.jar
2025-01-18 13:38:57,958 [Worker-7: Launching Executing install in D__Springboot_gs-accessing-data-mysql_complete] INFO  o.eclipse.m2e.core.internal.Bundles - 	Entry: C:\Users\wakeel kumar kushwah\.p2\pool\plugins\org.eclipse.m2e.maven.runtime_3.9.700.20240602-2313\jars\maven-compat-3.9.7.jar
2025-01-18 13:38:57,958 [Worker-7: Launching Executing install in D__Springboot_gs-accessing-data-mysql_complete] INFO  o.eclipse.m2e.core.internal.Bundles - 	Entry: C:\Users\wakeel kumar kushwah\.p2\pool\plugins\org.eclipse.m2e.maven.runtime_3.9.700.20240602-2313\jars\maven-core-3.9.7.jar
2025-01-18 13:38:57,959 [Worker-7: Launching Executing install in D__Springboot_gs-accessing-data-mysql_complete] INFO  o.eclipse.m2e.core.internal.Bundles - 	Entry: C:\Users\wakeel kumar kushwah\.p2\pool\plugins\org.eclipse.m2e.maven.runtime_3.9.700.20240602-2313\jars\maven-embedder-3.9.7.jar
2025-01-18 13:38:57,959 [Worker-7: Launching Executing install in D__Springboot_gs-accessing-data-mysql_complete] INFO  o.eclipse.m2e.core.internal.Bundles - 	Entry: C:\Users\wakeel kumar kushwah\.p2\pool\plugins\org.eclipse.m2e.maven.runtime_3.9.700.20240602-2313\jars\maven-model-3.9.7.jar
2025-01-18 13:38:57,959 [Worker-7: Launching Executing install in D__Springboot_gs-accessing-data-mysql_complete] INFO  o.eclipse.m2e.core.internal.Bundles - 	Entry: C:\Users\wakeel kumar kushwah\.p2\pool\plugins\org.eclipse.m2e.maven.runtime_3.9.700.20240602-2313\jars\maven-model-builder-3.9.7.jar
2025-01-18 13:38:57,959 [Worker-7: Launching Executing install in D__Springboot_gs-accessing-data-mysql_complete] INFO  o.eclipse.m2e.core.internal.Bundles - 	Entry: C:\Users\wakeel kumar kushwah\.p2\pool\plugins\org.eclipse.m2e.maven.runtime_3.9.700.20240602-2313\jars\maven-plugin-api-3.9.7.jar
2025-01-18 13:38:57,959 [Worker-7: Launching Executing install in D__Springboot_gs-accessing-data-mysql_complete] INFO  o.eclipse.m2e.core.internal.Bundles - 	Entry: C:\Users\wakeel kumar kushwah\.p2\pool\plugins\org.eclipse.m2e.maven.runtime_3.9.700.20240602-2313\jars\maven-repository-metadata-3.9.7.jar
2025-01-18 13:38:57,959 [Worker-7: Launching Executing install in D__Springboot_gs-accessing-data-mysql_complete] INFO  o.eclipse.m2e.core.internal.Bundles - 	Entry: C:\Users\wakeel kumar kushwah\.p2\pool\plugins\org.eclipse.m2e.maven.runtime_3.9.700.20240602-2313\jars\maven-resolver-api-1.9.20.jar
2025-01-18 13:38:57,959 [Worker-7: Launching Executing install in D__Springboot_gs-accessing-data-mysql_complete] INFO  o.eclipse.m2e.core.internal.Bundles - 	Entry: C:\Users\wakeel kumar kushwah\.p2\pool\plugins\org.eclipse.m2e.maven.runtime_3.9.700.20240602-2313\jars\maven-resolver-connector-basic-1.9.20.jar
2025-01-18 13:38:57,959 [Worker-7: Launching Executing install in D__Springboot_gs-accessing-data-mysql_complete] INFO  o.eclipse.m2e.core.internal.Bundles - 	Entry: C:\Users\wakeel kumar kushwah\.p2\pool\plugins\org.eclipse.m2e.maven.runtime_3.9.700.20240602-2313\jars\maven-resolver-impl-1.9.20.jar
2025-01-18 13:38:57,959 [Worker-7: Launching Executing install in D__Springboot_gs-accessing-data-mysql_complete] INFO  o.eclipse.m2e.core.internal.Bundles - 	Entry: C:\Users\wakeel kumar kushwah\.p2\pool\plugins\org.eclipse.m2e.maven.runtime_3.9.700.20240602-2313\jars\maven-resolver-named-locks-1.9.20.jar
2025-01-18 13:38:57,959 [Worker-7: Launching Executing install in D__Springboot_gs-accessing-data-mysql_complete] INFO  o.eclipse.m2e.core.internal.Bundles - 	Entry: C:\Users\wakeel kumar kushwah\.p2\pool\plugins\org.eclipse.m2e.maven.runtime_3.9.700.20240602-2313\jars\maven-resolver-provider-3.9.7.jar
2025-01-18 13:38:57,959 [Worker-7: Launching Executing install in D__Springboot_gs-accessing-data-mysql_complete] INFO  o.eclipse.m2e.core.internal.Bundles - 	Entry: C:\Users\wakeel kumar kushwah\.p2\pool\plugins\org.eclipse.m2e.maven.runtime_3.9.700.20240602-2313\jars\maven-resolver-spi-1.9.20.jar
2025-01-18 13:38:57,960 [Worker-7: Launching Executing install in D__Springboot_gs-accessing-data-mysql_complete] INFO  o.eclipse.m2e.core.internal.Bundles - 	Entry: C:\Users\wakeel kumar kushwah\.p2\pool\plugins\org.eclipse.m2e.maven.runtime_3.9.700.20240602-2313\jars\maven-resolver-transport-file-1.9.20.jar
2025-01-18 13:38:57,960 [Worker-7: Launching Executing install in D__Springboot_gs-accessing-data-mysql_complete] INFO  o.eclipse.m2e.core.internal.Bundles - 	Entry: C:\Users\wakeel kumar kushwah\.p2\pool\plugins\org.eclipse.m2e.maven.runtime_3.9.700.20240602-2313\jars\maven-resolver-transport-http-1.9.20.jar
2025-01-18 13:38:57,960 [Worker-7: Launching Executing install in D__Springboot_gs-accessing-data-mysql_complete] INFO  o.eclipse.m2e.core.internal.Bundles - 	Entry: C:\Users\wakeel kumar kushwah\.p2\pool\plugins\org.eclipse.m2e.maven.runtime_3.9.700.20240602-2313\jars\maven-resolver-transport-wagon-1.9.20.jar
2025-01-18 13:38:57,960 [Worker-7: Launching Executing install in D__Springboot_gs-accessing-data-mysql_complete] INFO  o.eclipse.m2e.core.internal.Bundles - 	Entry: C:\Users\wakeel kumar kushwah\.p2\pool\plugins\org.eclipse.m2e.maven.runtime_3.9.700.20240602-2313\jars\maven-resolver-util-1.9.20.jar
2025-01-18 13:38:57,960 [Worker-7: Launching Executing install in D__Springboot_gs-accessing-data-mysql_complete] INFO  o.eclipse.m2e.core.internal.Bundles - 	Entry: C:\Users\wakeel kumar kushwah\.p2\pool\plugins\org.eclipse.m2e.maven.runtime_3.9.700.20240602-2313\jars\maven-settings-3.9.7.jar
2025-01-18 13:38:57,961 [Worker-7: Launching Executing install in D__Springboot_gs-accessing-data-mysql_complete] INFO  o.eclipse.m2e.core.internal.Bundles - 	Entry: C:\Users\wakeel kumar kushwah\.p2\pool\plugins\org.eclipse.m2e.maven.runtime_3.9.700.20240602-2313\jars\maven-settings-builder-3.9.7.jar
2025-01-18 13:38:57,961 [Worker-7: Launching Executing install in D__Springboot_gs-accessing-data-mysql_complete] INFO  o.eclipse.m2e.core.internal.Bundles - 	Entry: C:\Users\wakeel kumar kushwah\.p2\pool\plugins\org.eclipse.m2e.maven.runtime_3.9.700.20240602-2313\jars\maven-shared-utils-3.4.2.jar
2025-01-18 13:38:57,961 [Worker-7: Launching Executing install in D__Springboot_gs-accessing-data-mysql_complete] INFO  o.eclipse.m2e.core.internal.Bundles - 	Entry: C:\Users\wakeel kumar kushwah\.p2\pool\plugins\org.eclipse.m2e.maven.runtime_3.9.700.20240602-2313\jars\org.eclipse.sisu.inject-0.9.0.M2.jar
2025-01-18 13:38:57,961 [Worker-7: Launching Executing install in D__Springboot_gs-accessing-data-mysql_complete] INFO  o.eclipse.m2e.core.internal.Bundles - 	Entry: C:\Users\wakeel kumar kushwah\.p2\pool\plugins\org.eclipse.m2e.maven.runtime_3.9.700.20240602-2313\jars\org.eclipse.sisu.plexus-0.9.0.M2.jar
2025-01-18 13:38:57,961 [Worker-7: Launching Executing install in D__Springboot_gs-accessing-data-mysql_complete] INFO  o.eclipse.m2e.core.internal.Bundles - 	Entry: C:\Users\wakeel kumar kushwah\.p2\pool\plugins\org.eclipse.m2e.maven.runtime_3.9.700.20240602-2313\jars\plexus-build-api-0.0.7.jar
2025-01-18 13:38:57,961 [Worker-7: Launching Executing install in D__Springboot_gs-accessing-data-mysql_complete] INFO  o.eclipse.m2e.core.internal.Bundles - 	Entry: C:\Users\wakeel kumar kushwah\.p2\pool\plugins\org.eclipse.m2e.maven.runtime_3.9.700.20240602-2313\jars\plexus-build-api-1.2.0.jar
2025-01-18 13:38:57,962 [Worker-7: Launching Executing install in D__Springboot_gs-accessing-data-mysql_complete] INFO  o.eclipse.m2e.core.internal.Bundles - 	Entry: C:\Users\wakeel kumar kushwah\.p2\pool\plugins\org.eclipse.m2e.maven.runtime_3.9.700.20240602-2313\jars\plexus-cipher-2.0.jar
2025-01-18 13:38:57,962 [Worker-7: Launching Executing install in D__Springboot_gs-accessing-data-mysql_complete] INFO  o.eclipse.m2e.core.internal.Bundles - 	Entry: C:\Users\wakeel kumar kushwah\.p2\pool\plugins\org.eclipse.m2e.maven.runtime_3.9.700.20240602-2313\jars\plexus-classworlds-2.8.0.jar
2025-01-18 13:38:57,962 [Worker-7: Launching Executing install in D__Springboot_gs-accessing-data-mysql_complete] INFO  o.eclipse.m2e.core.internal.Bundles - 	Entry: C:\Users\wakeel kumar kushwah\.p2\pool\plugins\org.eclipse.m2e.maven.runtime_3.9.700.20240602-2313\jars\plexus-component-annotations-2.1.0.jar
2025-01-18 13:38:57,962 [Worker-7: Launching Executing install in D__Springboot_gs-accessing-data-mysql_complete] INFO  o.eclipse.m2e.core.internal.Bundles - 	Entry: C:\Users\wakeel kumar kushwah\.p2\pool\plugins\org.eclipse.m2e.maven.runtime_3.9.700.20240602-2313\jars\plexus-interpolation-1.27.jar
2025-01-18 13:38:57,962 [Worker-7: Launching Executing install in D__Springboot_gs-accessing-data-mysql_complete] INFO  o.eclipse.m2e.core.internal.Bundles - 	Entry: C:\Users\wakeel kumar kushwah\.p2\pool\plugins\org.eclipse.m2e.maven.runtime_3.9.700.20240602-2313\jars\plexus-sec-dispatcher-2.0.jar
2025-01-18 13:38:57,962 [Worker-7: Launching Executing install in D__Springboot_gs-accessing-data-mysql_complete] INFO  o.eclipse.m2e.core.internal.Bundles - 	Entry: C:\Users\wakeel kumar kushwah\.p2\pool\plugins\org.eclipse.m2e.maven.runtime_3.9.700.20240602-2313\jars\plexus-utils-3.5.1.jar
2025-01-18 13:38:57,963 [Worker-7: Launching Executing install in D__Springboot_gs-accessing-data-mysql_complete] INFO  o.eclipse.m2e.core.internal.Bundles - 	Entry: C:\Users\wakeel kumar kushwah\.p2\pool\plugins\org.eclipse.m2e.maven.runtime_3.9.700.20240602-2313\jars\wagon-file-3.5.3.jar
2025-01-18 13:38:57,963 [Worker-7: Launching Executing install in D__Springboot_gs-accessing-data-mysql_complete] INFO  o.eclipse.m2e.core.internal.Bundles - 	Entry: C:\Users\wakeel kumar kushwah\.p2\pool\plugins\org.eclipse.m2e.maven.runtime_3.9.700.20240602-2313\jars\wagon-http-3.5.3.jar
2025-01-18 13:38:57,963 [Worker-7: Launching Executing install in D__Springboot_gs-accessing-data-mysql_complete] INFO  o.eclipse.m2e.core.internal.Bundles - 	Entry: C:\Users\wakeel kumar kushwah\.p2\pool\plugins\org.eclipse.m2e.maven.runtime_3.9.700.20240602-2313\jars\wagon-http-shared-3.5.3.jar
2025-01-18 13:38:57,963 [Worker-7: Launching Executing install in D__Springboot_gs-accessing-data-mysql_complete] INFO  o.eclipse.m2e.core.internal.Bundles - 	Entry: C:\Users\wakeel kumar kushwah\.p2\pool\plugins\org.eclipse.m2e.maven.runtime_3.9.700.20240602-2313\jars\wagon-provider-api-3.5.3.jar
2025-01-18 13:38:57,963 [Worker-7: Launching Executing install in D__Springboot_gs-accessing-data-mysql_complete] INFO  o.eclipse.m2e.core.internal.Bundles - getClasspathEntries(Bundle=com.google.guava_33.3.1.jre [1030])
2025-01-18 13:38:57,964 [Worker-7: Launching Executing install in D__Springboot_gs-accessing-data-mysql_complete] INFO  o.eclipse.m2e.core.internal.Bundles - 	Entry: C:\Users\wakeel kumar kushwah\.p2\pool\plugins\com.google.guava_33.3.1.jre.jar
2025-01-18 13:38:57,965 [Worker-7: Launching Executing install in D__Springboot_gs-accessing-data-mysql_complete] INFO  o.eclipse.m2e.core.internal.Bundles - getClasspathEntries(Bundle=slf4j.api_2.0.16 [1144])
2025-01-18 13:38:57,965 [Worker-7: Launching Executing install in D__Springboot_gs-accessing-data-mysql_complete] INFO  o.eclipse.m2e.core.internal.Bundles - 	Entry: C:\Users\wakeel kumar kushwah\.p2\pool\plugins\slf4j.api_2.0.16.jar
2025-01-18 13:38:57,965 [Worker-7: Launching Executing install in D__Springboot_gs-accessing-data-mysql_complete] INFO  o.eclipse.m2e.core.internal.Bundles - getClasspathEntries(Bundle=jakarta.inject.jakarta.inject-api_1.0.5 [33])
2025-01-18 13:38:57,966 [Worker-7: Launching Executing install in D__Springboot_gs-accessing-data-mysql_complete] INFO  o.eclipse.m2e.core.internal.Bundles - 	Entry: C:\Users\wakeel kumar kushwah\.p2\pool\plugins\jakarta.inject.jakarta.inject-api_1.0.5.jar
2025-01-18 13:38:57,966 [Worker-7: Launching Executing install in D__Springboot_gs-accessing-data-mysql_complete] INFO  o.eclipse.m2e.core.internal.Bundles - getClasspathEntries(Bundle=javax.annotation_1.3.5.v20200909-1856 [44])
2025-01-18 13:38:57,966 [Worker-7: Launching Executing install in D__Springboot_gs-accessing-data-mysql_complete] INFO  o.eclipse.m2e.core.internal.Bundles - 	Entry: C:\Users\wakeel kumar kushwah\.p2\pool\plugins\javax.annotation_1.3.5.v20200909-1856.jar
2025-01-18 13:38:57,966 [Worker-7: Launching Executing install in D__Springboot_gs-accessing-data-mysql_complete] INFO  o.eclipse.m2e.core.internal.Bundles - getClasspathEntries(Bundle=org.apache.commons.cli_1.9.0 [1043])
2025-01-18 13:38:57,966 [Worker-7: Launching Executing install in D__Springboot_gs-accessing-data-mysql_complete] INFO  o.eclipse.m2e.core.internal.Bundles - 	Entry: C:\Users\wakeel kumar kushwah\.p2\pool\plugins\org.apache.commons.cli_1.9.0.jar
2025-01-18 13:38:57,966 [Worker-7: Launching Executing install in D__Springboot_gs-accessing-data-mysql_complete] INFO  o.eclipse.m2e.core.internal.Bundles - getClasspathEntries(Bundle=org.apache.commons.commons-codec_1.16.0 [81])
2025-01-18 13:38:57,967 [Worker-7: Launching Executing install in D__Springboot_gs-accessing-data-mysql_complete] INFO  o.eclipse.m2e.core.internal.Bundles - 	Entry: C:\Users\wakeel kumar kushwah\.p2\pool\plugins\org.apache.commons.commons-codec_1.16.0.jar
2025-01-18 13:38:57,967 [Worker-7: Launching Executing install in D__Springboot_gs-accessing-data-mysql_complete] INFO  o.eclipse.m2e.core.internal.Bundles - getClasspathEntries(Bundle=org.apache.commons.lang3_3.17.0 [1046])
2025-01-18 13:38:57,968 [Worker-7: Launching Executing install in D__Springboot_gs-accessing-data-mysql_complete] INFO  o.eclipse.m2e.core.internal.Bundles - 	Entry: C:\Users\wakeel kumar kushwah\.p2\pool\plugins\org.apache.commons.lang3_3.17.0.jar
2025-01-18 13:38:57,968 [Worker-7: Launching Executing install in D__Springboot_gs-accessing-data-mysql_complete] INFO  o.eclipse.m2e.core.internal.Bundles - getClasspathEntries(Bundle=com.google.guava.failureaccess_1.0.2 [17])
2025-01-18 13:38:57,969 [Worker-7: Launching Executing install in D__Springboot_gs-accessing-data-mysql_complete] INFO  o.eclipse.m2e.core.internal.Bundles - 	Entry: C:\Users\wakeel kumar kushwah\.p2\pool\plugins\com.google.guava.failureaccess_1.0.2.jar
2025-01-18 13:38:57,972 [Worker-7: Launching Executing install in D__Springboot_gs-accessing-data-mysql_complete] INFO  o.e.m.i.launch.MavenLaunchDelegate - Run build in "D:\Springboot\gs-accessing-data-mysql\complete":
2025-01-18 13:38:57,972 [Worker-7: Launching Executing install in D__Springboot_gs-accessing-data-mysql_complete] INFO  o.e.m.i.launch.MavenLaunchDelegate -  mvn  -B -Dstyle.color=always install
2025-01-18 13:40:33,968 [Worker-7: Building] INFO  o.a.m.s.f.DefaultMavenResourcesFiltering - Copying 1 resource from src\main\resources to target\classes
2025-01-18 13:40:33,975 [Worker-7: Building] INFO  o.a.m.s.f.DefaultMavenResourcesFiltering - Copying 0 resource from src\main\resources to target\classes
2025-01-18 13:40:33,981 [Worker-7: Building] INFO  o.a.m.s.f.DefaultMavenResourcesFiltering - skip non existing resourceDirectory D:\Springboot\gs-accessing-data-mysql\complete\src\test\resources
2025-01-18 13:40:59,226 [Worker-24: Launching AccessingDataMysqlApplication] INFO  o.e.m.c.i.l.LifecycleMappingFactory - Using org.eclipse.m2e.jdt.JarLifecycleMapping lifecycle mapping for MavenProject: com.example:accessing-data-mysql-complete:0.0.1-SNAPSHOT @ D:\Springboot\gs-accessing-data-mysql\complete\pom.xml.
2025-01-18 13:40:59,946 [Worker-24: Launching AccessingDataMysqlApplication] INFO  o.a.m.s.f.DefaultMavenResourcesFiltering - Copying 0 resource from src\main\resources to target\classes
2025-01-18 13:40:59,947 [Worker-24: Launching AccessingDataMysqlApplication] INFO  o.a.m.s.f.DefaultMavenResourcesFiltering - Copying 0 resource from src\main\resources to target\classes
2025-01-18 13:40:59,956 [Worker-24: Launching AccessingDataMysqlApplication] INFO  o.a.m.s.f.DefaultMavenResourcesFiltering - skip non existing resourceDirectory D:\Springboot\gs-accessing-data-mysql\complete\src\test\resources
2025-01-18 13:42:58,362 [Start Help Server] INFO  org.eclipse.jetty.server.Server - jetty-12.0.9; built: 2024-05-03T13:03:17.262Z; git: efe8023327e67287f9bfd006700e6a71d45b5dd6; jvm 22.0.1+8
2025-01-18 13:42:58,439 [Start Help Server] INFO  o.e.j.server.handler.ContextHandler - Started oeje8n.ContextHandler$CoreContextHandler@957d06d{/help,/help,b=null,a=AVAILABLE,h=oeje8n.ContextHandler$CoreContextHandler$CoreToNestedHandler@77dbfc6d{STARTED}}
2025-01-18 13:42:58,440 [Start Help Server] INFO  o.e.j.s.DefaultSessionIdManager - Session workerName=node0
2025-01-18 13:42:58,457 [Start Help Server] INFO  o.e.jetty.server.AbstractConnector - Started ServerConnector@2a402540{HTTP/1.1, (http/1.1)}{127.0.0.1:52502}
2025-01-18 13:42:58,465 [Start Help Server] INFO  org.eclipse.jetty.server.Server - Started oejs.Server@32f9012e{STARTING}[12.0.9,sto=0] @680377ms
2025-01-18 13:52:58,931 [Stop Help Server] INFO  org.eclipse.jetty.server.Server - Stopped oejs.Server@32f9012e{STOPPING}[12.0.9,sto=0]
2025-01-18 13:52:58,951 [Stop Help Server] INFO  o.e.jetty.server.AbstractConnector - Stopped ServerConnector@2a402540{HTTP/1.1, (http/1.1)}{127.0.0.1:0}
